{
  "AP": 0.19751887294807155,
  "AP. 5": 0.372194092250799,
  "AP. 75": 0.18577340451149935,
  "AP(M)": 0.04318788840635571,
  "AP(L)": 0.4050462931108868,
  "AR": 0.24219143576826202,
  "AR. 5": 0.4222292191435768,
  "AR. 75": 0.2352015113350126,
  "AR(M)": 0.06055722480196668,
  "AR(L)": 0.48981791155704196,
  "nose": 9.472279794023201,
  "left_eye": 8.58496762734853,
  "right_eye": 8.721579530152153,
  "left_ear": 9.901113168209994,
  "right_ear": 12.360991687218995,
  "left_shoulder": 14.746960582210527,
  "right_shoulder": 15.22966656531076,
  "left_elbow": 18.35824331128791,
  "right_elbow": 19.169083713204486,
  "left_wrist": 20.134015419023683,
  "right_wrist": 17.48359511263221,
  "left_hip": 16.8063149028409,
  "right_hip": 17.086469689373228,
  "left_knee": 19.957684162150798,
  "right_knee": 19.340465911071067,
  "left_ankle": 17.59244460863856,
  "right_ankle": 16.796085389924315
}