{
  "AP": 0.14615967231409577,
  "AP. 5": 0.29371964629936403,
  "AP. 75": 0.12890480810017546,
  "AP(M)": 0.02080779512430512,
  "AP(L)": 0.31427565121616624,
  "AR": 0.18411523929471033,
  "AR. 5": 0.3438287153652393,
  "AR. 75": 0.17191435768261965,
  "AR(M)": 0.030893198579623055,
  "AR(L)": 0.39290226681531026,
  "nose": 11.100790660424986,
  "left_eye": 10.049904761685559,
  "right_eye": 10.49658595461862,
  "left_ear": 11.647577633345168,
  "right_ear": 14.379629453929121,
  "left_shoulder": 16.497532843509457,
  "right_shoulder": 18.240838262133103,
  "left_elbow": 20.65116402445241,
  "right_elbow": 23.82425106007822,
  "left_wrist": 23.688834240950104,
  "right_wrist": 20.168118519947235,
  "left_hip": 18.54915075040314,
  "right_hip": 20.25524347884407,
  "left_knee": 22.252395208151103,
  "right_knee": 23.00659831915214,
  "left_ankle": 21.02803230727298,
  "right_ankle": 24.214520103175232
}