{
  "AP": 0.08618360555644337,
  "AP. 5": 0.1907628503599942,
  "AP. 75": 0.06623928313375856,
  "AP(M)": 0.007829537196387465,
  "AP(L)": 0.19269260334582541,
  "AR": 0.11619962216624684,
  "AR. 5": 0.2364609571788413,
  "AR. 75": 0.10075566750629723,
  "AR(M)": 0.010270417918601473,
  "AR(L)": 0.26049795615013005,
  "nose": 13.618448494988101,
  "left_eye": 12.678152034467702,
  "right_eye": 12.473121530653476,
  "left_ear": 13.720511884322852,
  "right_ear": 17.789517684239573,
  "left_shoulder": 19.875781263727795,
  "right_shoulder": 22.860199834129645,
  "left_elbow": 27.54931437863884,
  "right_elbow": 30.30547453828774,
  "left_wrist": 31.530940380625605,
  "right_wrist": 26.25134422008025,
  "left_hip": 22.55012401988474,
  "right_hip": 23.598325036213442,
  "left_knee": 28.522533353951154,
  "right_knee": 26.647475532024437,
  "left_ankle": 25.614866481316632,
  "right_ankle": 24.96390171065352
}