{
  "AP": 0.5421833466477025,
  "AP. 5": 0.7948506955971633,
  "AP. 75": 0.5756882348742669,
  "AP(M)": 0.3967801632373471,
  "AP(L)": 0.741802173942606,
  "AR": 0.594757556675063,
  "AR. 5": 0.8312342569269522,
  "AR. 75": 0.6262594458438288,
  "AR(M)": 0.44214695438404805,
  "AR(L)": 0.804756596060944,
  "nose": 4.5587051115202755,
  "left_eye": 4.1670931829233755,
  "right_eye": 4.3109225317804105,
  "left_ear": 5.498469285518773,
  "right_ear": 6.772451272235765,
  "left_shoulder": 7.474415923230018,
  "right_shoulder": 7.886454340894682,
  "left_elbow": 8.455887189082228,
  "right_elbow": 8.675093731302105,
  "left_wrist": 9.355117425314727,
  "right_wrist": 9.565976913430138,
  "left_hip": 9.874249735854315,
  "right_hip": 9.665105527691704,
  "left_knee": 10.107443189660472,
  "right_knee": 10.172949698402292,
  "left_ankle": 10.330668945471544,
  "right_ankle": 10.151781321132153
}