{
  "AP": 0.30162614874683913,
  "AP. 5": 0.5172386073125214,
  "AP. 75": 0.30631994039521243,
  "AP(M)": 0.1164140977111426,
  "AP(L)": 0.550977699320102,
  "AR": 0.3513853904282116,
  "AR. 5": 0.5661209068010076,
  "AR. 75": 0.35658060453400503,
  "AR(M)": 0.14506965310024583,
  "AR(L)": 0.6328502415458938,
  "nose": 7.282051787223947,
  "left_eye": 6.418112689852499,
  "right_eye": 6.538404540644422,
  "left_ear": 7.879232758963562,
  "right_ear": 9.807891010266212,
  "left_shoulder": 10.94605753335646,
  "right_shoulder": 11.94609821332986,
  "left_elbow": 13.280381956482511,
  "right_elbow": 14.50696025299512,
  "left_wrist": 14.953260365627408,
  "right_wrist": 14.06860819964932,
  "left_hip": 13.830550321609639,
  "right_hip": 14.55335152694916,
  "left_knee": 15.602930628580326,
  "right_knee": 16.002323222096305,
  "left_ankle": 14.630900234640148,
  "right_ankle": 14.731179112479891
}