{
  "AP": 0.1109644676286442,
  "AP. 5": 0.23240816086419283,
  "AP. 75": 0.09038154026593095,
  "AP(M)": 0.01179136208612438,
  "AP(L)": 0.2446458820550573,
  "AR": 0.1436712846347607,
  "AR. 5": 0.27928211586901763,
  "AR. 75": 0.12909319899244331,
  "AR(M)": 0.01663479923518164,
  "AR(L)": 0.31675956893348195,
  "nose": 12.739919116281897,
  "left_eye": 11.722522354640134,
  "right_eye": 11.927809467659335,
  "left_ear": 12.938226007912496,
  "right_ear": 16.053811508457603,
  "left_shoulder": 18.279461858481707,
  "right_shoulder": 20.47049933260973,
  "left_elbow": 23.328204966005952,
  "right_elbow": 26.302564373389913,
  "left_wrist": 27.504740210442296,
  "right_wrist": 22.59714404786343,
  "left_hip": 20.325851911939075,
  "right_hip": 20.385567325640885,
  "left_knee": 23.846313709900322,
  "right_knee": 26.698285290321127,
  "left_ankle": 23.610505692107733,
  "right_ankle": 23.805333011855534
}