{
  "AP": 0.09348137963765703,
  "AP. 5": 0.20439502086509084,
  "AP. 75": 0.07255166923710657,
  "AP(M)": 0.008541754175151857,
  "AP(L)": 0.20865439086512913,
  "AR": 0.12487405541561711,
  "AR. 5": 0.25094458438287154,
  "AR. 75": 0.10957178841309824,
  "AR(M)": 0.012592187926795959,
  "AR(L)": 0.27785209959123003,
  "nose": 12.999757286486396,
  "left_eye": 12.29096148544506,
  "right_eye": 12.228364389742657,
  "left_ear": 13.309884791741144,
  "right_ear": 17.334839053975944,
  "left_shoulder": 19.464758928796247,
  "right_shoulder": 22.18353898954245,
  "left_elbow": 25.566704398156443,
  "right_elbow": 27.972629112387764,
  "left_wrist": 30.269513932083402,
  "right_wrist": 24.183598385197108,
  "left_hip": 22.059373831087328,
  "right_hip": 23.02331045081117,
  "left_knee": 27.79307011103723,
  "right_knee": 26.684645078471828,
  "left_ankle": 25.37313475979395,
  "right_ankle": 25.48602677633874
}