{
  "AP": 0.6060910263226551,
  "AP. 5": 0.8415048454180908,
  "AP. 75": 0.6499007323373817,
  "AP(M)": 0.48541782352042323,
  "AP(L)": 0.7743387114045749,
  "AR": 0.6581391687657431,
  "AR. 5": 0.8790931989924433,
  "AR. 75": 0.6988350125944585,
  "AR(M)": 0.5323135755258127,
  "AR(L)": 0.8321441843180974,
  "nose": 3.994801960733744,
  "left_eye": 3.7729535956165585,
  "right_eye": 3.8502225510871577,
  "left_ear": 5.078455745376289,
  "right_ear": 6.25596221293798,
  "left_shoulder": 6.770416650270746,
  "right_shoulder": 6.9641344976693915,
  "left_elbow": 7.576925116152715,
  "right_elbow": 7.973798864272367,
  "left_wrist": 8.284118397441455,
  "right_wrist": 8.899909070123547,
  "left_hip": 9.132192194647544,
  "right_hip": 8.97266068238912,
  "left_knee": 9.409920679898514,
  "right_knee": 9.730205951457812,
  "left_ankle": 9.640560121567493,
  "right_ankle": 8.792337892906982
}