{
  "AP": 0.22047456531973866,
  "AP. 5": 0.40392659038443873,
  "AP. 75": 0.21245102133199648,
  "AP(M)": 0.05634010866547492,
  "AP(L)": 0.4406728232992797,
  "AR": 0.2659477329974811,
  "AR. 5": 0.4521410579345088,
  "AR. 75": 0.2624370277078086,
  "AR(M)": 0.07620868615132477,
  "AR(L)": 0.5246376811594203,
  "nose": 9.255409227702271,
  "left_eye": 8.077816710781525,
  "right_eye": 8.124964554874039,
  "left_ear": 9.506906836314949,
  "right_ear": 11.924619222738889,
  "left_shoulder": 13.43541283902423,
  "right_shoulder": 14.386444671223227,
  "left_elbow": 16.90732525348307,
  "right_elbow": 17.797608305136624,
  "left_wrist": 19.005243259519673,
  "right_wrist": 16.750883162612478,
  "left_hip": 16.05464699501288,
  "right_hip": 15.948190000512746,
  "left_knee": 18.17570861143822,
  "right_knee": 18.462975119209823,
  "left_ankle": 16.40491406962147,
  "right_ankle": 16.312371942551263
}