{
  "AP": 0.4252062091743295,
  "AP. 5": 0.6727726578582022,
  "AP. 75": 0.4418343455315105,
  "AP(M)": 0.24612683375999636,
  "AP(L)": 0.6676352245872101,
  "AR": 0.4771253148614609,
  "AR. 5": 0.7155226700251889,
  "AR. 75": 0.4935453400503778,
  "AR(M)": 0.28519530183010106,
  "AR(L)": 0.7396878483835005,
  "nose": 5.687653663021373,
  "left_eye": 5.107099207899377,
  "right_eye": 5.128792557231489,
  "left_ear": 6.237392436969062,
  "right_ear": 8.039563189696308,
  "left_shoulder": 8.742210641244617,
  "right_shoulder": 9.54206389627621,
  "left_elbow": 10.071674342550647,
  "right_elbow": 10.992605756215601,
  "left_wrist": 11.464146348436891,
  "right_wrist": 11.044048052338107,
  "left_hip": 11.355247106654327,
  "right_hip": 11.289615979318215,
  "left_knee": 11.612021026194512,
  "right_knee": 12.665755777246694,
  "left_ankle": 12.562686371981249,
  "right_ankle": 12.036269191479008
}