{
  "AP": 0.06583684064632425,
  "AP. 5": 0.15227452429956387,
  "AP. 75": 0.049596066140500314,
  "AP(M)": 0.0062458648052499946,
  "AP(L)": 0.1477765349050432,
  "AR": 0.09222292191435769,
  "AR. 5": 0.19537153652392947,
  "AR. 75": 0.07714105793450882,
  "AR(M)": 0.006173176727670035,
  "AR(L)": 0.20929022668153102,
  "nose": 15.002552342031734,
  "left_eye": 14.129794912881207,
  "right_eye": 13.793887269668213,
  "left_ear": 14.694101860626612,
  "right_ear": 20.067125309039515,
  "left_shoulder": 23.119333643547016,
  "right_shoulder": 24.783577797225654,
  "left_elbow": 30.933474181472796,
  "right_elbow": 32.64749995622177,
  "left_wrist": 35.850039574805216,
  "right_wrist": 28.9828698702007,
  "left_hip": 24.57096528987588,
  "right_hip": 26.899523398004433,
  "left_knee": 28.671224637642425,
  "right_knee": 29.34265218124486,
  "left_ankle": 28.86090350023429,
  "right_ankle": 28.220483275784925
}