{
  "AP": 0.07110910162627926,
  "AP. 5": 0.1615965856825688,
  "AP. 75": 0.05406346526667796,
  "AP(M)": 0.007166552314759407,
  "AP(L)": 0.16007899385181557,
  "AR": 0.09903967254408061,
  "AR. 5": 0.2054471032745592,
  "AR. 75": 0.08406801007556675,
  "AR(M)": 0.007183829554766458,
  "AR(L)": 0.2240059457450762,
  "nose": 14.9994835952924,
  "left_eye": 13.548658112652197,
  "right_eye": 13.627520189096376,
  "left_ear": 14.056139438006639,
  "right_ear": 19.255667756858525,
  "left_shoulder": 22.049601406179455,
  "right_shoulder": 24.420714014809676,
  "left_elbow": 28.983713734770628,
  "right_elbow": 31.837889215526058,
  "left_wrist": 34.01147179961374,
  "right_wrist": 27.97342495384335,
  "left_hip": 23.34762976049256,
  "right_hip": 24.801901300379562,
  "left_knee": 27.927199981350267,
  "right_knee": 28.506339884767623,
  "left_ankle": 26.954449750689307,
  "right_ankle": 28.999732832912265
}