{
  "AP": 0.078172122482147,
  "AP. 5": 0.17596317570581954,
  "AP. 75": 0.058101695475824125,
  "AP(M)": 0.007340643770243383,
  "AP(L)": 0.1749091540538202,
  "AR": 0.1064389168765743,
  "AR. 5": 0.2199307304785894,
  "AR. 75": 0.08989294710327456,
  "AR(M)": 0.008167167440590001,
  "AR(L)": 0.2402081010776663,
  "nose": 14.281859551625285,
  "left_eye": 13.199941449040457,
  "right_eye": 13.59219737633184,
  "left_ear": 13.802569128764024,
  "right_ear": 18.66891083795947,
  "left_shoulder": 21.516968766306974,
  "right_shoulder": 24.012060773634776,
  "left_elbow": 28.635409887549198,
  "right_elbow": 30.1446167025346,
  "left_wrist": 32.196096243248,
  "right_wrist": 27.423716491762338,
  "left_hip": 23.07068346854682,
  "right_hip": 24.13602596608834,
  "left_knee": 27.93055607536528,
  "right_knee": 27.22006504512745,
  "left_ankle": 27.195181631674075,
  "right_ankle": 27.58475599772032
}