{
  "AP": 0.2728067587770457,
  "AP. 5": 0.47654736001884795,
  "AP. 75": 0.27152314636110786,
  "AP(M)": 0.09205623721727857,
  "AP(L)": 0.5146252173799118,
  "AR": 0.3202928211586902,
  "AR. 5": 0.5239294710327456,
  "AR. 75": 0.3217884130982368,
  "AR(M)": 0.11791860147500685,
  "AR(L)": 0.5962467484206615,
  "nose": 7.759755412483211,
  "left_eye": 6.9786471547315765,
  "right_eye": 7.02334792512166,
  "left_ear": 8.555721279425555,
  "right_ear": 10.387651422214981,
  "left_shoulder": 11.859596991315291,
  "right_shoulder": 12.6648589674152,
  "left_elbow": 13.978449933475437,
  "right_elbow": 15.26092749849171,
  "left_wrist": 15.957887314405069,
  "right_wrist": 14.921879162595713,
  "left_hip": 14.33548932782486,
  "right_hip": 15.339741331185932,
  "left_knee": 16.47098550372859,
  "right_knee": 17.22965527226076,
  "left_ankle": 14.830082550981443,
  "right_ankle": 15.114894265730925
}