{
  "AP": 0.17862659882180282,
  "AP. 5": 0.34506870917698745,
  "AP. 75": 0.16711161120577128,
  "AP(M)": 0.03320985809581809,
  "AP(L)": 0.3743119431764769,
  "AR": 0.2198047858942065,
  "AR. 5": 0.39341939546599497,
  "AR. 75": 0.2111146095717884,
  "AR(M)": 0.04654465992898115,
  "AR(L)": 0.45596432552954286,
  "nose": 10.209449353122553,
  "left_eye": 9.03949009880757,
  "right_eye": 9.277952962376965,
  "left_ear": 10.352748990861295,
  "right_ear": 13.031720243218293,
  "left_shoulder": 15.545478415914081,
  "right_shoulder": 16.4293678291542,
  "left_elbow": 19.735162955587665,
  "right_elbow": 20.69975735942492,
  "left_wrist": 21.468048282799014,
  "right_wrist": 18.74876407286678,
  "left_hip": 17.426819547451558,
  "right_hip": 18.019733594141886,
  "left_knee": 20.64269625580777,
  "right_knee": 20.362916292077127,
  "left_ankle": 19.17592833135981,
  "right_ankle": 19.82000906769319
}