{
  "AP": 0.10205711321861435,
  "AP. 5": 0.21903148121629853,
  "AP. 75": 0.07971954152265251,
  "AP(M)": 0.009342443316778434,
  "AP(L)": 0.22712832101897681,
  "AR": 0.13460327455919396,
  "AR. 5": 0.26574307304785894,
  "AR. 75": 0.11728589420654911,
  "AR(M)": 0.014777383228626059,
  "AR(L)": 0.29777034559643256,
  "nose": 12.906391495314393,
  "left_eye": 11.899438978977894,
  "right_eye": 11.891489273675631,
  "left_ear": 13.111645513056592,
  "right_ear": 16.842635883975117,
  "left_shoulder": 18.703136395625737,
  "right_shoulder": 21.404451252214333,
  "left_elbow": 24.997915076315717,
  "right_elbow": 27.28879459890408,
  "left_wrist": 29.23723226787819,
  "right_wrist": 23.931050128707067,
  "left_hip": 20.561003069094056,
  "right_hip": 21.373701738003252,
  "left_knee": 24.887462724290675,
  "right_knee": 26.72735366910829,
  "left_ankle": 25.097722321315864,
  "right_ankle": 24.739371529329045
}