{
  "AP": 0.13214330590148599,
  "AP. 5": 0.27157849687596297,
  "AP. 75": 0.11467161642190311,
  "AP(M)": 0.015781330198766826,
  "AP(L)": 0.28760166721806474,
  "AR": 0.16835642317380353,
  "AR. 5": 0.32100125944584385,
  "AR. 75": 0.15601385390428213,
  "AR(M)": 0.025348265501229178,
  "AR(L)": 0.3633221850613155,
  "nose": 11.640197434460974,
  "left_eye": 10.716055883751485,
  "right_eye": 11.245873312555585,
  "left_ear": 11.839231744181353,
  "right_ear": 14.819478103448487,
  "left_shoulder": 16.879427823396714,
  "right_shoulder": 19.36198220845124,
  "left_elbow": 21.707461421312814,
  "right_elbow": 24.587393478223333,
  "left_wrist": 25.510984882173727,
  "right_wrist": 21.428457534835086,
  "left_hip": 19.28057857744328,
  "right_hip": 20.760845391061583,
  "left_knee": 22.786733972909985,
  "right_knee": 25.070114360281213,
  "left_ankle": 21.172118957597014,
  "right_ankle": 25.820654176808628
}