{
  "AP": 0.24424780368006002,
  "AP. 5": 0.4361281754021662,
  "AP. 75": 0.23976613615454223,
  "AP(M)": 0.07095843969330469,
  "AP(L)": 0.47538393685396607,
  "AR": 0.2908375314861461,
  "AR. 5": 0.4845717884130982,
  "AR. 75": 0.28982997481108314,
  "AR(M)": 0.09494673586451789,
  "AR(L)": 0.5581196581196581,
  "nose": 8.432981805606309,
  "left_eye": 7.481779562581191,
  "right_eye": 7.622548593741083,
  "left_ear": 9.039853743367004,
  "right_ear": 11.258487007796049,
  "left_shoulder": 12.90026334798121,
  "right_shoulder": 13.707830926799746,
  "left_elbow": 15.520050663551443,
  "right_elbow": 16.631982951135072,
  "left_wrist": 17.54225399667522,
  "right_wrist": 15.654930981793363,
  "left_hip": 15.15295581896297,
  "right_hip": 15.104578839357208,
  "left_knee": 16.99400414464799,
  "right_knee": 17.32680539713423,
  "left_ankle": 15.50063386307294,
  "right_ankle": 16.32022745966545
}