{
  "AP": 0.16153062716870517,
  "AP. 5": 0.3175372686481141,
  "AP. 75": 0.14873235280663413,
  "AP(M)": 0.025481949050657426,
  "AP(L)": 0.34365958522271106,
  "AR": 0.20125944584382874,
  "AR. 5": 0.36870277078085645,
  "AR. 75": 0.19253778337531485,
  "AR(M)": 0.03810434307566239,
  "AR(L)": 0.4235600148643627,
  "nose": 10.609518897614409,
  "left_eye": 9.580536995552775,
  "right_eye": 9.895243478534134,
  "left_ear": 10.712761357953832,
  "right_ear": 13.75900241898507,
  "left_shoulder": 15.509140880114987,
  "right_shoulder": 17.62613704446027,
  "left_elbow": 20.06594826852762,
  "right_elbow": 22.450277053424074,
  "left_wrist": 22.54145113971094,
  "right_wrist": 19.76598421845924,
  "left_hip": 18.139147084589734,
  "right_hip": 19.4200534814448,
  "left_knee": 21.389147377643333,
  "right_knee": 22.045401073972346,
  "left_ankle": 19.988796846784417,
  "right_ankle": 19.941008488182483
}