{
  "AP": 0.4814788091857459,
  "AP. 5": 0.7360899622570026,
  "AP. 75": 0.5058964400204894,
  "AP(M)": 0.31589962791498744,
  "AP(L)": 0.7069575182394929,
  "AR": 0.5345403022670026,
  "AR. 5": 0.7775503778337531,
  "AR. 75": 0.5552581863979849,
  "AR(M)": 0.35867249385413824,
  "AR(L)": 0.7757339279078408,
  "nose": 5.046281197145322,
  "left_eye": 4.658131927007664,
  "right_eye": 4.831777309781172,
  "left_ear": 5.877727033028912,
  "right_ear": 7.441000756080935,
  "left_shoulder": 8.14093512613227,
  "right_shoulder": 8.625306660135937,
  "left_elbow": 9.093458715464626,
  "right_elbow": 9.798767498985347,
  "left_wrist": 10.11724334759038,
  "right_wrist": 10.328710805844565,
  "left_hip": 10.339832890887172,
  "right_hip": 10.300913964377317,
  "left_knee": 10.72826982877204,
  "right_knee": 11.500479944004315,
  "left_ankle": 11.403016698681911,
  "right_ankle": 10.726403319055096
}