{
  "AP": 0.339145638075352,
  "AP. 5": 0.5673729299005104,
  "AP. 75": 0.346111673140674,
  "AP(M)": 0.150816664117064,
  "AP(L)": 0.5928135778575963,
  "AR": 0.3903809823677582,
  "AR. 5": 0.6166561712846348,
  "AR. 75": 0.39656801007556675,
  "AR(M)": 0.1850587271237367,
  "AR(L)": 0.6707915273132665,
  "nose": 6.507065022779464,
  "left_eye": 6.1068122467472685,
  "right_eye": 6.004174944431397,
  "left_ear": 7.481405614315519,
  "right_ear": 9.290898211205835,
  "left_shoulder": 10.312337295052036,
  "right_shoulder": 11.16212889070999,
  "left_elbow": 12.3818970662491,
  "right_elbow": 13.326448484325585,
  "left_wrist": 13.660120925094565,
  "right_wrist": 12.94598140027603,
  "left_hip": 12.885625371484483,
  "right_hip": 13.038292973697734,
  "left_knee": 13.851710264145263,
  "right_knee": 14.821208169248454,
  "left_ankle": 14.097758402685443,
  "right_ankle": 13.395027035388624
}