{
  "AP": 0.7336000669333889,
  "AP. 5": 0.901246813920128,
  "AP. 75": 0.7995561951047477,
  "AP(M)": 0.6773189980260007,
  "AP(L)": 0.8239350532353735,
  "AR": 0.784493073047859,
  "AR. 5": 0.9373425692695214,
  "AR. 75": 0.843198992443325,
  "AR(M)": 0.7232450150232177,
  "AR(L)": 0.8714232627276106,
  "nose": 2.9671186950593316,
  "left_eye": 2.9795572503171655,
  "right_eye": 3.0738047398934984,
  "left_ear": 4.140663249819002,
  "right_ear": 5.374920823958038,
  "left_shoulder": 5.666617275656588,
  "right_shoulder": 5.703466839629225,
  "left_elbow": 6.032951542816259,
  "right_elbow": 6.387805100178132,
  "left_wrist": 6.656127949543394,
  "right_wrist": 7.619559145759273,
  "left_hip": 7.973453674944263,
  "right_hip": 7.4507238193533505,
  "left_knee": 7.522042179759353,
  "right_knee": 8.04461242108321,
  "left_ankle": 7.804426841927814,
  "right_ankle": 7.793106545619638
}