{
  "AP": 0.37913269845517505,
  "AP. 5": 0.6197011873659114,
  "AP. 75": 0.3863169513649611,
  "AP(M)": 0.19228633442684603,
  "AP(L)": 0.6322607715628025,
  "AR": 0.4300850125944585,
  "AR. 5": 0.6651448362720404,
  "AR. 75": 0.43844458438287154,
  "AR(M)": 0.2270144769188746,
  "AR(L)": 0.7073950204384987,
  "nose": 6.052400560433395,
  "left_eye": 5.599794769876747,
  "right_eye": 5.7483940139920895,
  "left_ear": 6.827074824153374,
  "right_ear": 8.76740522061078,
  "left_shoulder": 9.453845628677987,
  "right_shoulder": 10.351269225672068,
  "left_elbow": 11.30098900579786,
  "right_elbow": 12.148684620617061,
  "left_wrist": 12.588519986140065,
  "right_wrist": 11.939067459287811,
  "left_hip": 11.949993684581985,
  "right_hip": 12.013858599181017,
  "left_knee": 13.131587405357607,
  "right_knee": 13.76929769124767,
  "left_ankle": 13.750221667413685,
  "right_ankle": 13.646056910100347
}