{
  "AP": 0.12154769556043724,
  "AP. 5": 0.25245180306009024,
  "AP. 75": 0.10401877571984122,
  "AP(M)": 0.012724353884623037,
  "AP(L)": 0.2667140996738309,
  "AR": 0.1559036523929471,
  "AR. 5": 0.30100755667506296,
  "AR. 75": 0.142632241813602,
  "AR(M)": 0.020349631248292817,
  "AR(L)": 0.34061687105165367,
  "nose": 11.940140791788103,
  "left_eye": 10.996337098320113,
  "right_eye": 11.409478719517073,
  "left_ear": 12.50803073275257,
  "right_ear": 15.213806147176786,
  "left_shoulder": 17.563587667096453,
  "right_shoulder": 19.828768494776753,
  "left_elbow": 22.825634534261926,
  "right_elbow": 25.596463387824862,
  "left_wrist": 26.888365013197898,
  "right_wrist": 21.913044760547603,
  "left_hip": 19.695230928571902,
  "right_hip": 21.106231238622474,
  "left_knee": 23.20180206221182,
  "right_knee": 25.712821897916047,
  "left_ankle": 21.33216439328077,
  "right_ankle": 25.920190483477363
}