{
  "AP": 0.6731661571187638,
  "AP. 5": 0.8796125974038832,
  "AP. 75": 0.7339963743075114,
  "AP(M)": 0.5837608546023166,
  "AP(L)": 0.8010596770049226,
  "AR": 0.7259603274559193,
  "AR. 5": 0.9154596977329975,
  "AR. 75": 0.7810138539042821,
  "AR(M)": 0.6332149685878176,
  "AR(L)": 0.8547008547008547,
  "nose": 3.4971337302466408,
  "left_eye": 3.4076353852401096,
  "right_eye": 3.428211009780879,
  "left_ear": 4.515563220161191,
  "right_ear": 5.749857258591158,
  "left_shoulder": 6.1538538186909495,
  "right_shoulder": 6.300276133878795,
  "left_elbow": 6.92290973512063,
  "right_elbow": 7.133737554988595,
  "left_wrist": 7.442315234910499,
  "right_wrist": 8.236446403648767,
  "left_hip": 8.52077555553472,
  "right_hip": 8.22402772128176,
  "left_knee": 8.446032401694536,
  "right_knee": 8.741270072014816,
  "left_ankle": 8.897806725320867,
  "right_ankle": 7.721426927560846
}