{
  "AP": 0.27815519868352706,
  "AP. 5": 0.46143632170031174,
  "AP. 75": 0.2859403332153632,
  "AP(M)": 0.08234149553557044,
  "AP(L)": 0.5454844401683372,
  "AR": 0.31830919395465995,
  "AR. 5": 0.4998425692695214,
  "AR. 75": 0.32698362720403024,
  "AR(M)": 0.09841573340617318,
  "AR(L)": 0.618283166109253,
  "nose": 7.334980955765557,
  "left_eye": 6.764532906350874,
  "right_eye": 6.907368634644825,
  "left_ear": 8.027526157683704,
  "right_ear": 10.118624144398929,
  "left_shoulder": 10.990649574116981,
  "right_shoulder": 12.633798243675278,
  "left_elbow": 14.068861354927067,
  "right_elbow": 14.393173237950332,
  "left_wrist": 14.646481302924437,
  "right_wrist": 14.086186777432726,
  "left_hip": 13.446909103245677,
  "right_hip": 14.028404389759347,
  "left_knee": 14.439986193405476,
  "right_knee": 15.40557323063814,
  "left_ankle": 14.186516080457322,
  "right_ankle": 13.871188724583325
}