{
  "AP": 0.3830800683651184,
  "AP. 5": 0.5971529328963687,
  "AP. 75": 0.3913703241539634,
  "AP(M)": 0.1766479241251574,
  "AP(L)": 0.6644283728891054,
  "AR": 0.4257084382871537,
  "AR. 5": 0.634603274559194,
  "AR. 75": 0.43419395465994964,
  "AR(M)": 0.20447965036875168,
  "AR(L)": 0.7279450018580452,
  "nose": 5.661576307905866,
  "left_eye": 5.362142663414106,
  "right_eye": 5.6205484689521485,
  "left_ear": 6.672611651375922,
  "right_ear": 8.515064239490545,
  "left_shoulder": 9.012444593870269,
  "right_shoulder": 9.590385063762021,
  "left_elbow": 10.733206913406786,
  "right_elbow": 11.084908060633378,
  "left_wrist": 11.74593156603863,
  "right_wrist": 11.607158272510897,
  "left_hip": 11.357209706495503,
  "right_hip": 10.903671224014294,
  "left_knee": 11.510228501739263,
  "right_knee": 11.980297060739273,
  "left_ankle": 12.16573041038411,
  "right_ankle": 11.52618858315634
}