{
  "AP": 0.3406592667878411,
  "AP. 5": 0.5475592583090312,
  "AP. 75": 0.34944560892317456,
  "AP(M)": 0.13405258337306772,
  "AP(L)": 0.6221922771925849,
  "AR": 0.3824622166246851,
  "AR. 5": 0.5840680100755667,
  "AR. 75": 0.3910579345088161,
  "AR(M)": 0.15733406173176728,
  "AR(L)": 0.690115198810851,
  "nose": 6.288936981140823,
  "left_eye": 5.88615105480175,
  "right_eye": 6.025207233334789,
  "left_ear": 7.151846768266935,
  "right_ear": 9.045005634638915,
  "left_shoulder": 9.805448193230063,
  "right_shoulder": 10.730092232725053,
  "left_elbow": 12.116736953583088,
  "right_elbow": 12.560219629332234,
  "left_wrist": 12.878324158531475,
  "right_wrist": 12.48987205132613,
  "left_hip": 12.24740581687672,
  "right_hip": 12.14612610757112,
  "left_knee": 12.626795224059068,
  "right_knee": 13.299243496117796,
  "left_ankle": 12.715555444483394,
  "right_ankle": 12.976084951646383
}