{
  "AP": 0.1544379667194922,
  "AP. 5": 0.29092824591019445,
  "AP. 75": 0.14338780123675257,
  "AP(M)": 0.01975867026034832,
  "AP(L)": 0.3390863420852166,
  "AR": 0.18720088161209067,
  "AR. 5": 0.32525188916876574,
  "AR. 75": 0.1830919395465995,
  "AR(M)": 0.022398251843758536,
  "AR(L)": 0.4118914901523597,
  "nose": 10.070968290476102,
  "left_eye": 9.296729733436328,
  "right_eye": 9.407330757567271,
  "left_ear": 10.681367824624417,
  "right_ear": 13.542568358101411,
  "left_shoulder": 15.143858899602142,
  "right_shoulder": 18.078986139055964,
  "left_elbow": 19.5767244543022,
  "right_elbow": 21.462461981160654,
  "left_wrist": 21.986181213053896,
  "right_wrist": 20.02261931330422,
  "left_hip": 17.866403309737446,
  "right_hip": 18.684047465561495,
  "left_knee": 21.081957058735917,
  "right_knee": 21.151704847401476,
  "left_ankle": 19.300802009217524,
  "right_ankle": 18.656399538047193
}