{
  "AP": 0.17026375532787888,
  "AP. 5": 0.3143255860234885,
  "AP. 75": 0.16015659051237588,
  "AP(M)": 0.024958048753300224,
  "AP(L)": 0.36859127360555843,
  "AR": 0.20379408060453397,
  "AR. 5": 0.34996851385390426,
  "AR. 75": 0.20056675062972293,
  "AR(M)": 0.02919967222070473,
  "AR(L)": 0.44191750278706793,
  "nose": 9.824123346387047,
  "left_eye": 8.893900125383942,
  "right_eye": 8.920812942939932,
  "left_ear": 10.249718914476015,
  "right_ear": 13.219559089938718,
  "left_shoulder": 14.665463128419145,
  "right_shoulder": 16.993997208132512,
  "left_elbow": 18.660379873846896,
  "right_elbow": 20.269060436676607,
  "left_wrist": 20.283474159833272,
  "right_wrist": 19.29577799509499,
  "left_hip": 17.55789087755596,
  "right_hip": 18.740360981411715,
  "left_knee": 20.574885188187746,
  "right_knee": 20.301281324669773,
  "left_ankle": 18.28556970257759,
  "right_ankle": 18.014689968241417
}