{
  "AP": 0.4723424195296366,
  "AP. 5": 0.700821464576973,
  "AP. 75": 0.49341709614490303,
  "AP(M)": 0.2836384411027652,
  "AP(L)": 0.7291036184993385,
  "AR": 0.517522040302267,
  "AR. 5": 0.7381926952141058,
  "AR. 75": 0.5363664987405542,
  "AR(M)": 0.32133296913411635,
  "AR(L)": 0.786845039018952,
  "nose": 4.844997286269588,
  "left_eye": 4.621572584246506,
  "right_eye": 4.604982699738813,
  "left_ear": 5.785427580772082,
  "right_ear": 7.142939790443487,
  "left_shoulder": 7.819985395142644,
  "right_shoulder": 8.25168458846011,
  "left_elbow": 9.1982878283373,
  "right_elbow": 9.467369217826281,
  "left_wrist": 10.001222409947808,
  "right_wrist": 9.977937505088924,
  "left_hip": 9.947159488627848,
  "right_hip": 9.738833320443959,
  "left_knee": 9.77258183492506,
  "right_knee": 10.351757696732607,
  "left_ankle": 10.306022302330852,
  "right_ankle": 10.07948581125258
}