{
  "AP": 0.4237100626988022,
  "AP. 5": 0.6466131654893196,
  "AP. 75": 0.43655354472845714,
  "AP(M)": 0.22231166550674758,
  "AP(L)": 0.6974440498680629,
  "AR": 0.4665774559193955,
  "AR. 5": 0.6834068010075567,
  "AR. 75": 0.47843198992443325,
  "AR(M)": 0.2541108986615679,
  "AR(L)": 0.7577852099591229,
  "nose": 5.34395916979386,
  "left_eye": 5.027575008463965,
  "right_eye": 5.078286421819009,
  "left_ear": 6.267526095445142,
  "right_ear": 7.672825802125635,
  "left_shoulder": 8.520734749199544,
  "right_shoulder": 8.929950986516836,
  "left_elbow": 9.889932656934516,
  "right_elbow": 10.397525197412698,
  "left_wrist": 10.927049772085834,
  "right_wrist": 10.94975360764943,
  "left_hip": 10.873988977903583,
  "right_hip": 10.377533659325863,
  "left_knee": 10.780444932282661,
  "right_knee": 11.224262287408513,
  "left_ankle": 11.284404688760057,
  "right_ankle": 10.697542335322035
}