{
  "AP": 0.22614414359251145,
  "AP. 5": 0.39424834446723656,
  "AP. 75": 0.2256369108411757,
  "AP(M)": 0.05067176486646414,
  "AP(L)": 0.46643143169261475,
  "AR": 0.26423173803526445,
  "AR. 5": 0.43356423173803527,
  "AR. 75": 0.267632241813602,
  "AR(M)": 0.06009287080032778,
  "AR(L)": 0.5428093645484949,
  "nose": 8.457240595220725,
  "left_eye": 7.771587140830786,
  "right_eye": 7.9443066725680085,
  "left_ear": 9.005675898337739,
  "right_ear": 11.703128106963348,
  "left_shoulder": 12.593178451679067,
  "right_shoulder": 13.814914769039927,
  "left_elbow": 16.007062958745184,
  "right_elbow": 16.77143487562135,
  "left_wrist": 17.051362579530647,
  "right_wrist": 16.344323679335474,
  "left_hip": 15.56036168851184,
  "right_hip": 16.553162188004322,
  "left_knee": 16.685589121278706,
  "right_knee": 17.581419893589846,
  "left_ankle": 16.09436855643358,
  "right_ankle": 15.715021146330619
}