{
  "AP": 0.10764861886324618,
  "AP. 5": 0.2205113806569664,
  "AP. 75": 0.09384098435873901,
  "AP(M)": 0.007908138173270306,
  "AP(L)": 0.24306983370799953,
  "AR": 0.13564231738035265,
  "AR. 5": 0.25551007556675065,
  "AR. 75": 0.12736146095717885,
  "AR(M)": 0.008795411089866156,
  "AR(L)": 0.30843552582683015,
  "nose": 11.926082396409736,
  "left_eye": 11.19795065308292,
  "right_eye": 11.21036521139888,
  "left_ear": 12.508895026317603,
  "right_ear": 16.57395107251253,
  "left_shoulder": 17.53402360107604,
  "right_shoulder": 20.71555192316965,
  "left_elbow": 23.843664011858998,
  "right_elbow": 25.8140539415537,
  "left_wrist": 27.487747616500688,
  "right_wrist": 23.674356922810713,
  "left_hip": 19.546400321797943,
  "right_hip": 22.211482192982402,
  "left_knee": 25.085827790923073,
  "right_knee": 24.41188784033923,
  "left_ankle": 22.942019311370082,
  "right_ankle": 22.58999174785376
}