{
  "AP": 0.11887265347082344,
  "AP. 5": 0.23761804954088026,
  "AP. 75": 0.10821014038948934,
  "AP(M)": 0.010697182965681326,
  "AP(L)": 0.2658405260144289,
  "AR": 0.14710327455919397,
  "AR. 5": 0.27282745591939545,
  "AR. 75": 0.1412153652392947,
  "AR(M)": 0.011827369571155422,
  "AR(L)": 0.33140096618357484,
  "nose": 11.664564997938843,
  "left_eye": 10.68081908057214,
  "right_eye": 10.69566402022764,
  "left_ear": 12.11598354582157,
  "right_ear": 15.648315146413104,
  "left_shoulder": 16.96472765592783,
  "right_shoulder": 19.852564217300674,
  "left_elbow": 22.660075869546304,
  "right_elbow": 25.118003203776624,
  "left_wrist": 26.089123938829196,
  "right_wrist": 22.64002640423915,
  "left_hip": 19.252499099488443,
  "right_hip": 21.61350599322354,
  "left_knee": 23.954558110853352,
  "right_knee": 24.67384397704461,
  "left_ankle": 21.87541295018224,
  "right_ankle": 20.219622222044148
}