{
  "AP": 0.14183806209711863,
  "AP. 5": 0.27302379336178345,
  "AP. 75": 0.12948442023419293,
  "AP(M)": 0.016525908071460496,
  "AP(L)": 0.3141657876273314,
  "AR": 0.17328400503778335,
  "AR. 5": 0.3077770780856423,
  "AR. 75": 0.1665617128463476,
  "AR(M)": 0.018000546298825457,
  "AR(L)": 0.38494983277591976,
  "nose": 10.887911552640066,
  "left_eye": 9.799510198736579,
  "right_eye": 9.766444840893787,
  "left_ear": 11.137346668765197,
  "right_ear": 14.357673900192795,
  "left_shoulder": 16.04466918803202,
  "right_shoulder": 18.950178118565105,
  "left_elbow": 20.68874177381779,
  "right_elbow": 22.546300726774767,
  "left_wrist": 22.77279181250905,
  "right_wrist": 20.481719698732284,
  "left_hip": 18.500120553883193,
  "right_hip": 19.42905730734486,
  "left_knee": 22.471547016411517,
  "right_knee": 22.35353063965525,
  "left_ankle": 20.748364371500312,
  "right_ankle": 20.209600705145004
}