{
  "AP": 0.09010916391172456,
  "AP. 5": 0.19160262732954247,
  "AP. 75": 0.076408149245109,
  "AP(M)": 0.0061947111791609425,
  "AP(L)": 0.2045796384847005,
  "AR": 0.11500314861460956,
  "AR. 5": 0.22544080604534006,
  "AR. 75": 0.1040617128463476,
  "AR(M)": 0.005135208959300737,
  "AR(L)": 0.26458565589000377,
  "nose": 12.830271242868447,
  "left_eye": 11.855931508710212,
  "right_eye": 11.974881808363035,
  "left_ear": 13.144418353507811,
  "right_ear": 17.398181196886295,
  "left_shoulder": 19.33126341121662,
  "right_shoulder": 22.592932554838086,
  "left_elbow": 26.40945873482341,
  "right_elbow": 29.329374558150782,
  "left_wrist": 29.916053290442314,
  "right_wrist": 24.94102015837827,
  "left_hip": 21.306009649604636,
  "right_hip": 23.536014495905196,
  "left_knee": 28.090192417831098,
  "right_knee": 28.722843754441172,
  "left_ankle": 25.845846089113227,
  "right_ankle": 30.00290950306029
}