{
  "AP": 0.7041221786336631,
  "AP. 5": 0.8897100678449785,
  "AP. 75": 0.7723429857999335,
  "AP(M)": 0.6346262220653092,
  "AP(L)": 0.8107513811779696,
  "AR": 0.7515428211586902,
  "AR. 5": 0.9234886649874056,
  "AR. 75": 0.8115554156171285,
  "AR(M)": 0.6759628516798688,
  "AR(L)": 0.8575994054254924,
  "nose": 3.198177446646729,
  "left_eye": 3.1714110453708684,
  "right_eye": 3.206345964933299,
  "left_ear": 4.373582366690467,
  "right_ear": 5.348737663905383,
  "left_shoulder": 5.840707870085771,
  "right_shoulder": 5.944800282070768,
  "left_elbow": 6.506546997604832,
  "right_elbow": 6.601852975380955,
  "left_wrist": 6.950393281430605,
  "right_wrist": 7.709920976661413,
  "left_hip": 7.885394726466139,
  "right_hip": 7.682669747242115,
  "left_knee": 7.515262235802969,
  "right_knee": 8.064191870219261,
  "left_ankle": 7.840493920503157,
  "right_ankle": 8.264058601825202
}