{
  "AP": 0.1866599861351086,
  "AP. 5": 0.33990533250732896,
  "AP. 75": 0.17825146184069404,
  "AP(M)": 0.031655233975194985,
  "AP(L)": 0.39823504443228014,
  "AR": 0.22194584382871535,
  "AR. 5": 0.3762594458438287,
  "AR. 75": 0.2202455919395466,
  "AR(M)": 0.03772193389784212,
  "AR(L)": 0.47316982534373836,
  "nose": 9.312014920183795,
  "left_eye": 8.467033393384815,
  "right_eye": 8.729781111897468,
  "left_ear": 9.92002081547363,
  "right_ear": 12.682164540645344,
  "left_shoulder": 14.183812276174427,
  "right_shoulder": 16.15614982163455,
  "left_elbow": 17.642842211515074,
  "right_elbow": 18.870688341398438,
  "left_wrist": 19.4599115343261,
  "right_wrist": 18.036202750970336,
  "left_hip": 16.602961775185378,
  "right_hip": 17.558107913389474,
  "left_knee": 18.908300989031705,
  "right_knee": 19.378257302777808,
  "left_ankle": 17.213380024422786,
  "right_ankle": 17.270674300538133
}