{
  "AP": 0.531159716832611,
  "AP. 5": 0.7646127972333742,
  "AP. 75": 0.5655204627239899,
  "AP(M)": 0.36479425080287264,
  "AP(L)": 0.7587689344369435,
  "AR": 0.5775031486146096,
  "AR. 5": 0.801007556675063,
  "AR. 75": 0.6081549118387909,
  "AR(M)": 0.40617317672767006,
  "AR(L)": 0.8131549609810479,
  "nose": 4.402802993674341,
  "left_eye": 4.237823257059932,
  "right_eye": 4.28411877452258,
  "left_ear": 5.434742510865851,
  "right_ear": 6.682519128984447,
  "left_shoulder": 7.237557020793561,
  "right_shoulder": 7.60675502504586,
  "left_elbow": 8.486871097069164,
  "right_elbow": 8.806099076726012,
  "left_wrist": 9.214203017920743,
  "right_wrist": 9.457011076717876,
  "left_hip": 9.292690568390647,
  "right_hip": 9.327316753776117,
  "left_knee": 9.210502469507684,
  "right_knee": 9.607141124012404,
  "left_ankle": 9.799247707268476,
  "right_ankle": 9.33661187318072
}