{
  "AP": 0.09922835051693041,
  "AP. 5": 0.2078914811411081,
  "AP. 75": 0.085484127220255,
  "AP(M)": 0.0067790609682336364,
  "AP(L)": 0.22485623619209494,
  "AR": 0.12544080604534003,
  "AR. 5": 0.24134130982367757,
  "AR. 75": 0.11744332493702771,
  "AR(M)": 0.006828735318219066,
  "AR(L)": 0.28695652173913044,
  "nose": 12.384898391621027,
  "left_eye": 11.559241500875219,
  "right_eye": 11.622362162226622,
  "left_ear": 12.996715930423967,
  "right_ear": 16.888851702076785,
  "left_shoulder": 18.446622213001802,
  "right_shoulder": 21.48127564630754,
  "left_elbow": 25.137206534552995,
  "right_elbow": 28.15612239142441,
  "left_wrist": 28.618672455092508,
  "right_wrist": 24.073515318812202,
  "left_hip": 20.617232810894837,
  "right_hip": 22.66626353253685,
  "left_knee": 25.877116951230676,
  "right_knee": 26.535584595717395,
  "left_ankle": 23.819961825106855,
  "right_ankle": 23.840309592585275
}