{
  "AP": 0.7443937543349505,
  "AP. 5": 0.9033567909871982,
  "AP. 75": 0.8165150690061442,
  "AP(M)": 0.7019918209128903,
  "AP(L)": 0.819992707035965,
  "AR": 0.7924905541561713,
  "AR. 5": 0.9379722921914357,
  "AR. 75": 0.8567380352644837,
  "AR(M)": 0.7416826003824093,
  "AR(L)": 0.8657748049052397,
  "nose": 2.971690569356989,
  "left_eye": 3.0124423850576503,
  "right_eye": 3.0278034294715,
  "left_ear": 4.145893925247637,
  "right_ear": 5.171153191036873,
  "left_shoulder": 5.552493603123957,
  "right_shoulder": 5.622427613159313,
  "left_elbow": 6.073613024678991,
  "right_elbow": 6.199158465895847,
  "left_wrist": 6.470664322256911,
  "right_wrist": 7.379889847091551,
  "left_hip": 7.6755927116044615,
  "right_hip": 7.260069712876703,
  "left_knee": 7.169935453964838,
  "right_knee": 7.590087381344938,
  "left_ankle": 7.540736324307876,
  "right_ankle": 7.549821461996219
}