{
  "AP": 0.2508900406506649,
  "AP. 5": 0.42704756671532346,
  "AP. 75": 0.2555261798360056,
  "AP(M)": 0.06450198486035602,
  "AP(L)": 0.5060513438532082,
  "AR": 0.29063287153652395,
  "AR. 5": 0.4659949622166247,
  "AR. 75": 0.2978589420654912,
  "AR(M)": 0.07719202403714831,
  "AR(L)": 0.5818283166109253,
  "nose": 7.954809861425713,
  "left_eye": 7.252002176049043,
  "right_eye": 7.385426324277826,
  "left_ear": 8.583544136025663,
  "right_ear": 10.952805365364805,
  "left_shoulder": 11.625505887524268,
  "right_shoulder": 13.26367482535339,
  "left_elbow": 14.65645839357002,
  "right_elbow": 15.41815716795171,
  "left_wrist": 15.783591332029266,
  "right_wrist": 14.920540867559614,
  "left_hip": 14.622980631993501,
  "right_hip": 15.528719727691353,
  "left_knee": 15.488418331716971,
  "right_knee": 16.641273902365974,
  "left_ankle": 14.791889244417703,
  "right_ankle": 14.756160570051884
}