{
  "AP": 0.07597905733412451,
  "AP. 5": 0.16504608233322754,
  "AP. 75": 0.060073471132990636,
  "AP(M)": 0.005948899278468514,
  "AP(L)": 0.17210970603597112,
  "AR": 0.09729219143576827,
  "AR. 5": 0.1978904282115869,
  "AR. 75": 0.0832808564231738,
  "AR(M)": 0.0031139033051078937,
  "AR(L)": 0.22541806020066887,
  "nose": 14.347993240462545,
  "left_eye": 12.763731597739618,
  "right_eye": 13.094123696215322,
  "left_ear": 13.825723175449921,
  "right_ear": 18.353938637772373,
  "left_shoulder": 21.086181809555242,
  "right_shoulder": 24.284384368881824,
  "left_elbow": 27.908531449218685,
  "right_elbow": 30.869456556347078,
  "left_wrist": 31.74643987473051,
  "right_wrist": 27.071625936212783,
  "left_hip": 22.05568545992938,
  "right_hip": 23.86147218699425,
  "left_knee": 27.221826119192443,
  "right_knee": 27.793046226222568,
  "left_ankle": 26.897338443611346,
  "right_ankle": 30.641052299515607
}