{
  "AP": 0.08309608036152152,
  "AP. 5": 0.178480663162552,
  "AP. 75": 0.06801733491053845,
  "AP(M)": 0.005962508865835545,
  "AP(L)": 0.1886887035929706,
  "AR": 0.10653337531486147,
  "AR. 5": 0.21268891687657432,
  "AR. 75": 0.09398614609571788,
  "AR(M)": 0.003742146954384047,
  "AR(L)": 0.24641397250092903,
  "nose": 13.608787209690009,
  "left_eye": 12.397378586356503,
  "right_eye": 12.839570249171594,
  "left_ear": 13.603641745188536,
  "right_ear": 17.559171774075534,
  "left_shoulder": 19.34632002568561,
  "right_shoulder": 23.40401574137072,
  "left_elbow": 26.93272305863272,
  "right_elbow": 30.469339952859322,
  "left_wrist": 31.044162715438432,
  "right_wrist": 25.538784690411816,
  "left_hip": 20.913160368146347,
  "right_hip": 23.401270617858692,
  "left_knee": 27.36669234658729,
  "right_knee": 27.01356236057284,
  "left_ankle": 25.585614426019816,
  "right_ankle": 27.91065381741472
}