{
  "AP": 0.5913487933847928,
  "AP. 5": 0.815317957847963,
  "AP. 75": 0.6356729254045612,
  "AP(M)": 0.45458286223420125,
  "AP(L)": 0.7819195235359817,
  "AR": 0.6375157430730478,
  "AR. 5": 0.85044080604534,
  "AR. 75": 0.6780541561712846,
  "AR(M)": 0.4962032231630701,
  "AR(L)": 0.8328874024526198,
  "nose": 3.9691910766638863,
  "left_eye": 3.837982158632452,
  "right_eye": 3.8666683549495,
  "left_ear": 4.984422930840979,
  "right_ear": 6.0378988173099355,
  "left_shoulder": 6.699644030941074,
  "right_shoulder": 6.976146521513829,
  "left_elbow": 7.7230159872526825,
  "right_elbow": 8.023241926469804,
  "left_wrist": 8.388909847594162,
  "right_wrist": 8.760491218613257,
  "left_hip": 8.668755703994174,
  "right_hip": 8.928369644080995,
  "left_knee": 8.794369584612678,
  "right_knee": 9.223155161270071,
  "left_ankle": 8.827447135966489,
  "right_ankle": 8.518392148241775
}