{
  "AP": 0.30943400662107545,
  "AP. 5": 0.5063437047493952,
  "AP. 75": 0.3181439027074081,
  "AP(M)": 0.10674283129190724,
  "AP(L)": 0.5859180411241895,
  "AR": 0.3493545340050378,
  "AR. 5": 0.541404282115869,
  "AR. 75": 0.357367758186398,
  "AR(M)": 0.12548484020759354,
  "AR(L)": 0.6549609810479375,
  "nose": 6.686180977386156,
  "left_eye": 6.274435753780696,
  "right_eye": 6.311710145684308,
  "left_ear": 7.48265674290292,
  "right_ear": 9.726375456050196,
  "left_shoulder": 10.488155727897475,
  "right_shoulder": 11.594588423123076,
  "left_elbow": 13.027551844430647,
  "right_elbow": 13.472501971361506,
  "left_wrist": 13.753308377746619,
  "right_wrist": 13.083306568678097,
  "left_hip": 12.937512687392488,
  "right_hip": 12.903827691983574,
  "left_knee": 13.408597308885476,
  "right_knee": 13.768271130296812,
  "left_ankle": 13.308785438006346,
  "right_ankle": 13.395507671704127
}