{
  "AP": 0.20462499961342925,
  "AP. 5": 0.3649930363200814,
  "AP. 75": 0.2005690575320063,
  "AP(M)": 0.04078840984780327,
  "AP(L)": 0.4297618103491606,
  "AR": 0.24099496221662467,
  "AR. 5": 0.4017632241813602,
  "AR. 75": 0.24338790931989923,
  "AR(M)": 0.04755531275607757,
  "AR(L)": 0.5049052396878484,
  "nose": 8.901454600523204,
  "left_eye": 8.124239618375777,
  "right_eye": 8.256900341636468,
  "left_ear": 9.418021256338545,
  "right_ear": 12.2589423083354,
  "left_shoulder": 13.466783850767676,
  "right_shoulder": 15.357823249330444,
  "left_elbow": 16.90155401073504,
  "right_elbow": 17.69020526597784,
  "left_wrist": 18.43207714972358,
  "right_wrist": 17.1427515428505,
  "left_hip": 16.245056820497446,
  "right_hip": 17.060310917825106,
  "left_knee": 17.839371912943896,
  "right_knee": 18.587630279469348,
  "left_ankle": 16.22151832026471,
  "right_ankle": 16.449981834794134
}