{
  "AP": 0.1295706347273651,
  "AP. 5": 0.25528231478055124,
  "AP. 75": 0.11774840560371184,
  "AP(M)": 0.013802307490256849,
  "AP(L)": 0.2884706040319033,
  "AR": 0.1592411838790932,
  "AR. 5": 0.29108942065491183,
  "AR. 75": 0.1530226700251889,
  "AR(M)": 0.014804698169898937,
  "AR(L)": 0.3561129691564474,
  "nose": 11.47115600866779,
  "left_eye": 10.562217235052989,
  "right_eye": 10.36447785676062,
  "left_ear": 11.527904405161683,
  "right_ear": 15.060270648970869,
  "left_shoulder": 16.423426397047162,
  "right_shoulder": 19.50674026079152,
  "left_elbow": 22.069109852882793,
  "right_elbow": 23.643193224944476,
  "left_wrist": 24.539346460532496,
  "right_wrist": 21.451371607213133,
  "left_hip": 19.00667847946333,
  "right_hip": 20.30272591869075,
  "left_knee": 23.780598574077686,
  "right_knee": 24.417071782178482,
  "left_ankle": 21.10194402257904,
  "right_ankle": 20.23318266751212
}