{
  "AP": 0.6481532667681685,
  "AP. 5": 0.8567804234001934,
  "AP. 75": 0.7047478505732593,
  "AP(M)": 0.5428589104134383,
  "AP(L)": 0.7990846283585975,
  "AR": 0.6952455919395466,
  "AR. 5": 0.8905856423173804,
  "AR. 75": 0.7468513853904282,
  "AR(M)": 0.5862878994810161,
  "AR(L)": 0.847008547008547,
  "nose": 3.59617999003528,
  "left_eye": 3.486251143694441,
  "right_eye": 3.471725454828357,
  "left_ear": 4.646585276283519,
  "right_ear": 5.67071330804171,
  "left_shoulder": 6.278343677745464,
  "right_shoulder": 6.365848607752655,
  "left_elbow": 7.086850957661742,
  "right_elbow": 7.266083865277977,
  "left_wrist": 7.570052254434085,
  "right_wrist": 8.193346294916164,
  "left_hip": 8.382903670099218,
  "right_hip": 8.431134114219176,
  "left_knee": 8.128945649700245,
  "right_knee": 8.66117393344893,
  "left_ankle": 8.303517515276733,
  "right_ankle": 8.357972862935755
}