{
  "AP": 0.0931669601039902,
  "AP. 5": 0.1759973357841451,
  "AP. 75": 0.085923950742762,
  "AP(M)": 0.009411745964171794,
  "AP(L)": 0.2073525858542396,
  "AR": 0.11881297229219143,
  "AR. 5": 0.2172544080604534,
  "AR. 75": 0.11209068010075567,
  "AR(M)": 0.00893198579623054,
  "AR(L)": 0.26845039018952066,
  "nose": 8.773596816059262,
  "left_eye": 8.09314122004439,
  "right_eye": 8.518206907009057,
  "left_ear": 11.039204999564989,
  "right_ear": 16.86296495375147,
  "left_shoulder": 18.5769210431617,
  "right_shoulder": 23.468133017967297,
  "left_elbow": 29.113370301728583,
  "right_elbow": 29.381717643882745,
  "left_wrist": 32.31535116160892,
  "right_wrist": 28.05799413458364,
  "left_hip": 26.251796209790275,
  "right_hip": 27.657437824274467,
  "left_knee": 31.793295585826243,
  "right_knee": 34.28002758903058,
  "left_ankle": 30.39609151524283,
  "right_ankle": 31.91959736622852
}