{
  "AP": 0.4869987513019502,
  "AP. 5": 0.705023535770534,
  "AP. 75": 0.5005121414547103,
  "AP(M)": 0.2877043471058449,
  "AP(L)": 0.7561028782449941,
  "AR": 0.5343671284634761,
  "AR. 5": 0.746536523929471,
  "AR. 75": 0.5458123425692695,
  "AR(M)": 0.32911772739688616,
  "AR(L)": 0.8156075808249721,
  "nose": 4.09843017863115,
  "left_eye": 4.035257571520999,
  "right_eye": 4.256666963201379,
  "left_ear": 5.541713802505316,
  "right_ear": 7.248740920820423,
  "left_shoulder": 7.916864472752355,
  "right_shoulder": 8.287638973737275,
  "left_elbow": 9.233055187056719,
  "right_elbow": 9.391108437901819,
  "left_wrist": 9.90805123228506,
  "right_wrist": 10.34955137551017,
  "left_hip": 11.07498548567043,
  "right_hip": 11.191065103023133,
  "left_knee": 11.359077731050458,
  "right_knee": 12.162256925585618,
  "left_ankle": 11.81144364309809,
  "right_ankle": 10.875707913633153
}