{
  "AP": 0.23769468222581408,
  "AP. 5": 0.3826522405201166,
  "AP. 75": 0.23849052305976445,
  "AP(M)": 0.052797123702488596,
  "AP(L)": 0.4908319524594241,
  "AR": 0.27562972292191434,
  "AR. 5": 0.42915617128463474,
  "AR. 75": 0.27329974811083124,
  "AR(M)": 0.06566511881999453,
  "AR(L)": 0.5623188405797102,
  "nose": 6.297111209737148,
  "left_eye": 5.756301151320787,
  "right_eye": 6.357623113657325,
  "left_ear": 7.901066570521545,
  "right_ear": 10.769957448652836,
  "left_shoulder": 12.261161629843569,
  "right_shoulder": 13.62646685863227,
  "left_elbow": 15.855410321202914,
  "right_elbow": 17.16310856676255,
  "left_wrist": 17.36981549463212,
  "right_wrist": 16.83446832799224,
  "left_hip": 16.884278586999415,
  "right_hip": 18.08220944824831,
  "left_knee": 19.979207488268475,
  "right_knee": 20.178317903035317,
  "left_ankle": 19.47842270546769,
  "right_ankle": 19.289887609481198
}