{
  "AP": 0.005176253731855739,
  "AP. 5": 0.009924588466592823,
  "AP. 75": 0.0012376237623762376,
  "AP(M)": 3.924729350257956e-06,
  "AP(L)": 0.005667355609467512,
  "AR": 0.0036838790931989925,
  "AR. 5": 0.011177581863979848,
  "AR. 75": 0.0017317380352644836,
  "AR(M)": 0.0008194482381862879,
  "AR(L)": 0.00758082497212932,
  "nose": 17.488038009905313,
  "left_eye": 19.030083307258767,
  "right_eye": 13.291288648787075,
  "left_ear": 20.246080303424957,
  "right_ear": 30.4144129058954,
  "left_shoulder": 25.02321429054247,
  "right_shoulder": 53.01551629274105,
  "left_elbow": 66.01438119605645,
  "right_elbow": 93.10119813330056,
  "left_wrist": 66.08534704274071,
  "right_wrist": 62.039254438759144,
  "left_hip": 50.73808700189004,
  "right_hip": 57.31191446420343,
  "left_knee": 51.84915652855768,
  "right_knee": 57.87890735618039,
  "left_ankle": 54.81518817690119,
  "right_ankle": 72.9693222335427
}