{
  "AP": 0.35256746045908105,
  "AP. 5": 0.532897270105494,
  "AP. 75": 0.3576825713352871,
  "AP(M)": 0.13462309501325526,
  "AP(L)": 0.64850769954545,
  "AR": 0.395765113350126,
  "AR. 5": 0.5809193954659949,
  "AR. 75": 0.3957808564231738,
  "AR(M)": 0.16246927069106804,
  "AR(L)": 0.7147900408769974,
  "nose": 5.018792641040481,
  "left_eye": 4.608428462634884,
  "right_eye": 4.605931573379892,
  "left_ear": 6.395481449671972,
  "right_ear": 8.630062221212986,
  "left_shoulder": 9.776657759805271,
  "right_shoulder": 10.207415004787856,
  "left_elbow": 12.091905084714996,
  "right_elbow": 12.70861428484763,
  "left_wrist": 12.94829697428553,
  "right_wrist": 13.00090539823246,
  "left_hip": 13.394262076515302,
  "right_hip": 13.538991442115286,
  "left_knee": 14.57260503807825,
  "right_knee": 15.631848811035233,
  "left_ankle": 14.78137058424118,
  "right_ankle": 13.296596840102154
}