{
  "AP": 0.6915050314653125,
  "AP. 5": 0.8806583314891387,
  "AP. 75": 0.7457818765020048,
  "AP(M)": 0.6003391920185112,
  "AP(L)": 0.8230126824063552,
  "AR": 0.7386964735516373,
  "AR. 5": 0.9124685138539043,
  "AR. 75": 0.7890428211586902,
  "AR(M)": 0.6440043703906037,
  "AR(L)": 0.8713861018208844,
  "nose": 3.1088668224358313,
  "left_eye": 3.136954380158994,
  "right_eye": 3.1864973571105013,
  "left_ear": 4.388753866280017,
  "right_ear": 5.536587089284313,
  "left_shoulder": 5.927075682577617,
  "right_shoulder": 5.915950201621113,
  "left_elbow": 6.407668290989985,
  "right_elbow": 6.745213015857996,
  "left_wrist": 7.175156212217009,
  "right_wrist": 7.988294112502506,
  "left_hip": 8.310955021265613,
  "right_hip": 7.941469470397597,
  "left_knee": 8.121610764772672,
  "right_knee": 8.798208087314741,
  "left_ankle": 7.826554635103421,
  "right_ankle": 7.772327062218526
}