{
  "AP": 0.12462950194843356,
  "AP. 5": 0.2239451741022278,
  "AP. 75": 0.1166880165371374,
  "AP(M)": 0.01442581756341318,
  "AP(L)": 0.27692687951065015,
  "AR": 0.15360516372795968,
  "AR. 5": 0.2665302267002519,
  "AR. 75": 0.1456234256926952,
  "AR(M)": 0.013684785577711005,
  "AR(L)": 0.3442214790040877,
  "nose": 8.808261813423444,
  "left_eye": 7.279947111226214,
  "right_eye": 8.054577915467593,
  "left_ear": 10.411303546993818,
  "right_ear": 14.811785083487187,
  "left_shoulder": 16.37688261869872,
  "right_shoulder": 20.678023842187248,
  "left_elbow": 23.430876950838993,
  "right_elbow": 26.873520421530163,
  "left_wrist": 26.63972466534335,
  "right_wrist": 25.066830570056105,
  "left_hip": 23.39347873406865,
  "right_hip": 24.742743562449526,
  "left_knee": 27.044956004620715,
  "right_knee": 28.222853602644847,
  "left_ankle": 26.502736784552138,
  "right_ankle": 30.71495236148724
}