{
  "AP": 0.00453040747281437,
  "AP. 5": 0.0106644399379697,
  "AP. 75": 0.0024752475247524753,
  "AP(M)": 3.44728283331177e-06,
  "AP(L)": 0.005647796693388143,
  "AR": 0.005132241813602016,
  "AR. 5": 0.014955919395465995,
  "AR. 75": 0.0023614609571788415,
  "AR(M)": 0.00032777929527451517,
  "AR(L)": 0.011668524712002974,
  "nose": 17.95346175515633,
  "left_eye": 16.88245034826331,
  "right_eye": 15.034494833153877,
  "left_ear": 17.85750660751847,
  "right_ear": 24.025202911463513,
  "left_shoulder": 22.794473278621012,
  "right_shoulder": 51.98645693494199,
  "left_elbow": 51.01376559041552,
  "right_elbow": 74.45308608572279,
  "left_wrist": 76.68682449063222,
  "right_wrist": 58.72929268330917,
  "left_hip": 38.21581612861158,
  "right_hip": 41.23505770873447,
  "left_knee": 53.786791406706776,
  "right_knee": 56.23913320135568,
  "left_ankle": 54.06573528152198,
  "right_ankle": 51.409916673773836
}