{
  "AP": 0.7670657225661315,
  "AP. 5": 0.9110382322678552,
  "AP. 75": 0.8325263260442736,
  "AP(M)": 0.728932192340242,
  "AP(L)": 0.8341957018064476,
  "AR": 0.816624685138539,
  "AR. 5": 0.9467884130982368,
  "AR. 75": 0.8743702770780857,
  "AR(M)": 0.7724392242556679,
  "AR(L)": 0.8803047194351544,
  "nose": 2.8482300771745437,
  "left_eye": 2.8631912255567133,
  "right_eye": 2.7984661986235713,
  "left_ear": 3.97468100709668,
  "right_ear": 5.12343176824911,
  "left_shoulder": 5.320000333316693,
  "right_shoulder": 5.276577348934575,
  "left_elbow": 5.672448498205893,
  "right_elbow": 6.026532226899026,
  "left_wrist": 6.23439612033517,
  "right_wrist": 7.198553973746917,
  "left_hip": 7.602172399945001,
  "right_hip": 7.1758431910832,
  "left_knee": 7.181288968757863,
  "right_knee": 7.694924529863378,
  "left_ankle": 7.312678552740169,
  "right_ankle": 7.523531014373035
}