{
  "AP": 0.01992848789233512,
  "AP. 5": 0.049912173877852545,
  "AP. 75": 0.013812492360347145,
  "AP(M)": 1.2283298569347879e-05,
  "AP(L)": 0.041179533244181436,
  "AR": 0.03065176322418136,
  "AR. 5": 0.07934508816120907,
  "AR. 75": 0.01904911838790932,
  "AR(M)": 0.0004370390603660202,
  "AR(L)": 0.07175771088814568,
  "nose": 13.23630864049075,
  "left_eye": 13.787303094626912,
  "right_eye": 13.70370975736724,
  "left_ear": 16.78025399649635,
  "right_ear": 22.6434046034318,
  "left_shoulder": 28.252447050353755,
  "right_shoulder": 35.80859684157628,
  "left_elbow": 41.17044136737628,
  "right_elbow": 52.08571768042203,
  "left_wrist": 48.04007926370108,
  "right_wrist": 41.23908488377222,
  "left_hip": 35.9856033291537,
  "right_hip": 36.198019897860895,
  "left_knee": 44.85031594237292,
  "right_knee": 47.31252981229162,
  "left_ankle": 45.95334338948507,
  "right_ankle": 45.03063748726731
}