{
  "AP": 0.008076581172281619,
  "AP. 5": 0.016593474753344228,
  "AP. 75": 0.0049504950495049506,
  "AP(M)": 0.002971514362683873,
  "AP(L)": 0.011775129157778022,
  "AR": 0.010232997481108312,
  "AR. 5": 0.031958438287153654,
  "AR. 75": 0.004250629722921915,
  "AR(M)": 0.0007101884730947828,
  "AR(L)": 0.02318840579710145,
  "nose": 15.293340550404242,
  "left_eye": 15.338326820632895,
  "right_eye": 13.817764764031281,
  "left_ear": 19.099690478008103,
  "right_ear": 23.47630183454024,
  "left_shoulder": 28.272218905336455,
  "right_shoulder": 44.52879353547547,
  "left_elbow": 52.88065097757481,
  "right_elbow": 69.63557922992408,
  "left_wrist": 64.30836766181062,
  "right_wrist": 57.648951479852414,
  "left_hip": 40.18236059331232,
  "right_hip": 38.64344859336272,
  "left_knee": 46.75751340322169,
  "right_knee": 60.80006284490519,
  "left_ankle": 47.27631647445159,
  "right_ankle": 56.56331914661123
}