{
  "AP": 0.052659672472103056,
  "AP. 5": 0.12044828266503696,
  "AP. 75": 0.04176092327372176,
  "AP(M)": 0.0031977076013722135,
  "AP(L)": 0.11711630515790923,
  "AR": 0.07696788413098236,
  "AR. 5": 0.1727015113350126,
  "AR. 75": 0.06108312342569269,
  "AR(M)": 0.0045342802512974584,
  "AR(L)": 0.17551096246748424,
  "nose": 12.630155467701005,
  "left_eye": 11.995548317052576,
  "right_eye": 12.23483422313756,
  "left_ear": 15.217523131567734,
  "right_ear": 20.998801701093402,
  "left_shoulder": 22.478463276118145,
  "right_shoulder": 27.47444069107372,
  "left_elbow": 29.79867456086823,
  "right_elbow": 33.0177476555658,
  "left_wrist": 32.951654639877255,
  "right_wrist": 30.03425996712845,
  "left_hip": 29.3961375418337,
  "right_hip": 30.318965701486427,
  "left_knee": 33.070636340782244,
  "right_knee": 33.76083760234197,
  "left_ankle": 33.44971355740787,
  "right_ankle": 34.794715699493246
}