{
  "AP": 0.01909912303575921,
  "AP. 5": 0.0480624006067009,
  "AP. 75": 0.013037937457112049,
  "AP(M)": 0.00020253868831943765,
  "AP(L)": 0.03849469666996325,
  "AR": 0.03315491183879093,
  "AR. 5": 0.09319899244332494,
  "AR. 75": 0.01952141057934509,
  "AR(M)": 0.002212510243102977,
  "AR(L)": 0.07525083612040133,
  "nose": 14.848218802500472,
  "left_eye": 15.041448322623959,
  "right_eye": 14.924258568777278,
  "left_ear": 18.380566903109283,
  "right_ear": 25.078826969190974,
  "left_shoulder": 28.23287134061603,
  "right_shoulder": 32.92107379428785,
  "left_elbow": 39.0638277952443,
  "right_elbow": 44.85040389133512,
  "left_wrist": 43.60161860764403,
  "right_wrist": 38.947353285836726,
  "left_hip": 32.622528811604056,
  "right_hip": 34.8157300338391,
  "left_knee": 43.083786463714745,
  "right_knee": 46.795679363074065,
  "left_ankle": 43.130779215552096,
  "right_ankle": 47.4921806136861
}