{
  "AP": 0.7159353802042479,
  "AP. 5": 0.8975456039618236,
  "AP. 75": 0.7893556528894538,
  "AP(M)": 0.65118515782216,
  "AP(L)": 0.8141102059052225,
  "AR": 0.766624685138539,
  "AR. 5": 0.9318324937027708,
  "AR. 75": 0.8310768261964736,
  "AR(M)": 0.697131931166348,
  "AR(L)": 0.8649572649572651,
  "nose": 3.24820097502578,
  "left_eye": 3.1413817889629696,
  "right_eye": 3.2448244985238746,
  "left_ear": 4.293626244982578,
  "right_ear": 5.410480586920554,
  "left_shoulder": 5.720405806406036,
  "right_shoulder": 5.927311254158305,
  "left_elbow": 6.256306865337476,
  "right_elbow": 6.498392739835993,
  "left_wrist": 6.7583608815846254,
  "right_wrist": 7.448169434294481,
  "left_hip": 7.710804889093729,
  "right_hip": 7.299088604953281,
  "left_knee": 7.242644594809158,
  "right_knee": 8.04718745441228,
  "left_ankle": 7.726742549761641,
  "right_ankle": 6.63192132891494
}