{
  "AP": 0.36837884633333606,
  "AP. 5": 0.5619235692057236,
  "AP. 75": 0.3882735495861095,
  "AP(M)": 0.16248617749317912,
  "AP(L)": 0.6504215647601759,
  "AR": 0.4138539042821159,
  "AR. 5": 0.6102015113350125,
  "AR. 75": 0.4288413098236776,
  "AR(M)": 0.1907129199672221,
  "AR(L)": 0.7195094760312153,
  "nose": 5.667798224452233,
  "left_eye": 5.312226888023858,
  "right_eye": 5.562677354612014,
  "left_ear": 6.877653525407678,
  "right_ear": 8.74345804355411,
  "left_shoulder": 9.533643976084754,
  "right_shoulder": 9.978047406181295,
  "left_elbow": 11.462340559752677,
  "right_elbow": 11.469555787349602,
  "left_wrist": 12.055202685634919,
  "right_wrist": 11.864726004911926,
  "left_hip": 12.192471081103328,
  "right_hip": 12.294688742851225,
  "left_knee": 12.660640719104062,
  "right_knee": 13.255007013515355,
  "left_ankle": 13.291819769377526,
  "right_ankle": 12.490633479320728
}