{
  "AP": 0.035237100743269516,
  "AP. 5": 0.08427495976447327,
  "AP. 75": 0.023120114286166712,
  "AP(M)": 0.004996401895828681,
  "AP(L)": 0.07550073233325913,
  "AR": 0.055037783375314855,
  "AR. 5": 0.13460327455919396,
  "AR. 75": 0.03935768261964735,
  "AR(M)": 0.0039879814258399334,
  "AR(L)": 0.12456335934596804,
  "nose": 13.814498504371029,
  "left_eye": 13.694508331260122,
  "right_eye": 12.536555269993675,
  "left_ear": 15.902587296206734,
  "right_ear": 22.070296772891925,
  "left_shoulder": 24.915025538630573,
  "right_shoulder": 29.528424942301033,
  "left_elbow": 34.289862633523214,
  "right_elbow": 38.66701929455023,
  "left_wrist": 38.29950288755176,
  "right_wrist": 35.96668819892665,
  "left_hip": 31.24844387896258,
  "right_hip": 30.76398475969921,
  "left_knee": 35.806497755141024,
  "right_knee": 34.6065472552275,
  "left_ankle": 35.28237653887717,
  "right_ankle": 40.733202380108025
}