{
  "AP": 0.24090109264765475,
  "AP. 5": 0.3945216680953313,
  "AP. 75": 0.24676551075323438,
  "AP(M)": 0.05502054411691356,
  "AP(L)": 0.49551663911812416,
  "AR": 0.2801007556675063,
  "AR. 5": 0.44379722921914355,
  "AR. 75": 0.2827455919395466,
  "AR(M)": 0.06888828189019394,
  "AR(L)": 0.56826458565589,
  "nose": 7.303983053123721,
  "left_eye": 6.720149439028881,
  "right_eye": 7.034295504440957,
  "left_ear": 8.509273522070048,
  "right_ear": 11.243366659401522,
  "left_shoulder": 12.188064680431323,
  "right_shoulder": 13.166585738753374,
  "left_elbow": 14.645856728751884,
  "right_elbow": 15.471537149215989,
  "left_wrist": 16.57291422673763,
  "right_wrist": 15.78718411557301,
  "left_hip": 15.722999214294063,
  "right_hip": 16.760916010369392,
  "left_knee": 16.842306078831843,
  "right_knee": 17.77562554512485,
  "left_ankle": 16.911577345251338,
  "right_ankle": 15.038306120978026
}