{
  "AP": 0.2031392633568147,
  "AP. 5": 0.34232021366974424,
  "AP. 75": 0.20502367854558876,
  "AP(M)": 0.03408352402917656,
  "AP(L)": 0.43206517986157095,
  "AR": 0.24001889168765747,
  "AR. 5": 0.3902707808564232,
  "AR. 75": 0.24023929471032746,
  "AR(M)": 0.045042338158972954,
  "AR(L)": 0.5056484578223708,
  "nose": 7.619299423747648,
  "left_eye": 7.484397861863113,
  "right_eye": 7.459927685682777,
  "left_ear": 9.385884910867704,
  "right_ear": 12.57726031558188,
  "left_shoulder": 13.65321102214023,
  "right_shoulder": 13.939177095656765,
  "left_elbow": 16.830319366180138,
  "right_elbow": 17.425603012658843,
  "left_wrist": 18.39107402577238,
  "right_wrist": 17.806913377575167,
  "left_hip": 17.319574914465264,
  "right_hip": 18.125763341996485,
  "left_knee": 18.605858720607603,
  "right_knee": 19.319003726422878,
  "left_ankle": 19.111356594758025,
  "right_ankle": 16.58087684264731
}