{
  "AP": 0.2986424895056233,
  "AP. 5": 0.47077423357103726,
  "AP. 75": 0.3105697383882375,
  "AP(M)": 0.0940434400482836,
  "AP(L)": 0.5772507535156076,
  "AR": 0.3397984886649874,
  "AR. 5": 0.5209382871536524,
  "AR. 75": 0.3468198992443325,
  "AR(M)": 0.11565146134935811,
  "AR(L)": 0.6462653288740245,
  "nose": 6.496328127258577,
  "left_eye": 5.948638784382229,
  "right_eye": 6.265289552323665,
  "left_ear": 7.704114184974729,
  "right_ear": 10.149817396946604,
  "left_shoulder": 10.763035426752026,
  "right_shoulder": 11.767628088606592,
  "left_elbow": 13.198996470498058,
  "right_elbow": 13.346777536303962,
  "left_wrist": 13.901648785716437,
  "right_wrist": 13.954014457734953,
  "left_hip": 13.893368922954844,
  "right_hip": 14.053264639365658,
  "left_knee": 14.897475537366182,
  "right_knee": 15.182645248111045,
  "left_ankle": 14.713721179859311,
  "right_ankle": 12.637669731792236
}