{
  "AP": 0.4792231293704401,
  "AP. 5": 0.7021236562186154,
  "AP. 75": 0.503608470594075,
  "AP(M)": 0.2984539833527585,
  "AP(L)": 0.725954295475978,
  "AR": 0.5272040302267003,
  "AR. 5": 0.7440176322418136,
  "AR. 75": 0.5481738035264484,
  "AR(M)": 0.33591914777383225,
  "AR(L)": 0.789557785209959,
  "nose": 4.457412844622562,
  "left_eye": 4.344882342510578,
  "right_eye": 4.528029299815702,
  "left_ear": 5.904258244003947,
  "right_ear": 7.459867166607113,
  "left_shoulder": 7.772721555290712,
  "right_shoulder": 8.431606973331155,
  "left_elbow": 8.90752064232399,
  "right_elbow": 9.50047450767869,
  "left_wrist": 9.819961903199651,
  "right_wrist": 10.073062191510395,
  "left_hip": 10.209441140874258,
  "right_hip": 10.144320933735587,
  "left_knee": 10.822851929652233,
  "right_knee": 10.910379858019276,
  "left_ankle": 10.262897587881257,
  "right_ankle": 9.008753074028212
}