{
  "AP": 0.0154635294629209,
  "AP. 5": 0.03415704637335475,
  "AP. 75": 0.010299771323891357,
  "AP(M)": 0.001210494352602681,
  "AP(L)": 0.028598798171086088,
  "AR": 0.025220403022670018,
  "AR. 5": 0.07320528967254408,
  "AR. 75": 0.01369647355163728,
  "AR(M)": 0.0022398251843758535,
  "AR(L)": 0.056484578223708656,
  "nose": 16.6143326624846,
  "left_eye": 15.337009552244961,
  "right_eye": 16.04055709961366,
  "left_ear": 18.183235440842708,
  "right_ear": 23.801029138059917,
  "left_shoulder": 32.060333723794855,
  "right_shoulder": 34.052972123483165,
  "left_elbow": 42.86945659080633,
  "right_elbow": 42.5971346923334,
  "left_wrist": 46.87180702961696,
  "right_wrist": 38.723727267326275,
  "left_hip": 36.63068605652724,
  "right_hip": 41.023914346301986,
  "left_knee": 43.33712613815336,
  "right_knee": 44.010177146455746,
  "left_ankle": 46.3806624146321,
  "right_ankle": 45.12756027842739
}