{
  "AP": 0.08474409940902707,
  "AP. 5": 0.17235840188905668,
  "AP. 75": 0.07247360927976283,
  "AP(M)": 0.007259719249580723,
  "AP(L)": 0.1899572711661922,
  "AR": 0.11303526448362722,
  "AR. 5": 0.22449622166246852,
  "AR. 75": 0.09949622166246852,
  "AR(M)": 0.007293089319857964,
  "AR(L)": 0.25693050910442217,
  "nose": 11.104757298053341,
  "left_eye": 10.650343654816627,
  "right_eye": 10.497437964269107,
  "left_ear": 13.697545514894294,
  "right_ear": 18.485298530915532,
  "left_shoulder": 21.240036051205,
  "right_shoulder": 24.477342145106697,
  "left_elbow": 25.69995459421623,
  "right_elbow": 27.69811674969713,
  "left_wrist": 27.705676077514536,
  "right_wrist": 26.648145622352647,
  "left_hip": 24.784969130995115,
  "right_hip": 25.677688066899176,
  "left_knee": 26.311138279124844,
  "right_knee": 26.565719159202718,
  "left_ankle": 26.67593289184184,
  "right_ankle": 24.05827252006884
}