{
  "AP": 0.5978867920631256,
  "AP. 5": 0.8272393627079954,
  "AP. 75": 0.6463065250424492,
  "AP(M)": 0.4697336954824299,
  "AP(L)": 0.7766364991815802,
  "AR": 0.6481423173803526,
  "AR. 5": 0.8631926952141058,
  "AR. 75": 0.6900188916876574,
  "AR(M)": 0.5135208959300738,
  "AR(L)": 0.8342623560014865,
  "nose": 3.910521682721537,
  "left_eye": 3.7615024886609176,
  "right_eye": 3.9954996840952215,
  "left_ear": 5.110228775188734,
  "right_ear": 6.3844880290061825,
  "left_shoulder": 6.711007586608894,
  "right_shoulder": 7.130928766510537,
  "left_elbow": 7.452956284839926,
  "right_elbow": 7.831481759589115,
  "left_wrist": 7.995937645820352,
  "right_wrist": 8.61339027188726,
  "left_hip": 8.868218059751282,
  "right_hip": 8.756955318438687,
  "left_knee": 8.633994726476368,
  "right_knee": 9.311334764661277,
  "left_ankle": 9.30858961226088,
  "right_ankle": 8.13980670788899
}