{
  "AP": 0.13448754895367657,
  "AP. 5": 0.2505484274672748,
  "AP. 75": 0.12642202524852378,
  "AP(M)": 0.012914614567123487,
  "AP(L)": 0.2986393643061158,
  "AR": 0.1682462216624685,
  "AR. 5": 0.3019521410579345,
  "AR. 75": 0.15994962216624686,
  "AR(M)": 0.018546845124282983,
  "AR(L)": 0.3722779635823114,
  "nose": 9.590935425830935,
  "left_eye": 8.740985111687344,
  "right_eye": 8.88615594295489,
  "left_ear": 11.416302755918206,
  "right_ear": 15.32374541465335,
  "left_shoulder": 17.006693801110586,
  "right_shoulder": 19.051699036051446,
  "left_elbow": 20.88867176841699,
  "right_elbow": 21.84693881777452,
  "left_wrist": 23.041427037187233,
  "right_wrist": 21.32842582042914,
  "left_hip": 20.841422949928976,
  "right_hip": 21.34397102699368,
  "left_knee": 23.873536073670902,
  "right_knee": 24.52177550524501,
  "left_ankle": 24.177017586034555,
  "right_ankle": 20.394987649123447
}