{
  "AP": 0.1740441114098272,
  "AP. 5": 0.33042625971495004,
  "AP. 75": 0.16463869343424556,
  "AP(M)": 0.028189019987621636,
  "AP(L)": 0.3702117683890774,
  "AR": 0.2120434508816121,
  "AR. 5": 0.37531486146095716,
  "AR. 75": 0.2084382871536524,
  "AR(M)": 0.03911499590275881,
  "AR(L)": 0.4477146042363433,
  "nose": 10.307299088265319,
  "left_eye": 9.336766652717563,
  "right_eye": 9.323080224126885,
  "left_ear": 10.648389072480521,
  "right_ear": 13.111291306719782,
  "left_shoulder": 14.642426615092162,
  "right_shoulder": 15.89081108489739,
  "left_elbow": 18.124139351378673,
  "right_elbow": 18.987798131548406,
  "left_wrist": 20.596777476221646,
  "right_wrist": 18.241515828430522,
  "left_hip": 16.798112306053266,
  "right_hip": 17.915890884829693,
  "left_knee": 19.23440878772193,
  "right_knee": 19.537222126002874,
  "left_ankle": 17.15018889232645,
  "right_ankle": 17.633407651660708
}