{
  "AP": 0.13623169933998897,
  "AP. 5": 0.2748396791770983,
  "AP. 75": 0.12177150027351483,
  "AP(M)": 0.016223829094697516,
  "AP(L)": 0.298635310749469,
  "AR": 0.17087531486146096,
  "AR. 5": 0.3195843828715365,
  "AR. 75": 0.1608942065491184,
  "AR(M)": 0.02198852772466539,
  "AR(L)": 0.37376439985135634,
  "nose": 11.790672737754544,
  "left_eye": 10.887051462384342,
  "right_eye": 10.743533024611732,
  "left_ear": 12.162301542330022,
  "right_ear": 14.730320063324909,
  "left_shoulder": 16.46060152326955,
  "right_shoulder": 18.35909169887374,
  "left_elbow": 20.67087438562651,
  "right_elbow": 22.939934888791914,
  "left_wrist": 23.609099932708105,
  "right_wrist": 20.930789643238807,
  "left_hip": 18.292858642490405,
  "right_hip": 19.82011943435297,
  "left_knee": 21.289637662552106,
  "right_knee": 22.851379541625285,
  "left_ankle": 19.207632649820273,
  "right_ankle": 19.62368161448287
}