{
  "AP": 0.26547368792032494,
  "AP. 5": 0.46121973677888084,
  "AP. 75": 0.26763408847511105,
  "AP(M)": 0.08004913318938367,
  "AP(L)": 0.5151267561273356,
  "AR": 0.31095717884130986,
  "AR. 5": 0.508028967254408,
  "AR. 75": 0.31517632241813603,
  "AR(M)": 0.10199399071291997,
  "AR(L)": 0.5958379784466741,
  "nose": 7.953396825946605,
  "left_eye": 7.431448737119286,
  "right_eye": 7.297219903973258,
  "left_ear": 8.629295669339855,
  "right_ear": 10.598665332680177,
  "left_shoulder": 11.697948270088473,
  "right_shoulder": 12.516757333658582,
  "left_elbow": 14.055684484313392,
  "right_elbow": 14.754681948877531,
  "left_wrist": 15.23875518584298,
  "right_wrist": 14.233619023330412,
  "left_hip": 13.645918997922099,
  "right_hip": 14.192481041293444,
  "left_knee": 14.680350664484434,
  "right_knee": 15.386726879171956,
  "left_ankle": 14.163940727960021,
  "right_ankle": 12.72065457243163
}