{
  "AP": 0.2879922318013078,
  "AP. 5": 0.49115139564594007,
  "AP. 75": 0.2910476341924567,
  "AP(M)": 0.0979733721449405,
  "AP(L)": 0.5435860555866588,
  "AR": 0.33417821158690175,
  "AR. 5": 0.5374685138539043,
  "AR. 75": 0.33831863979848864,
  "AR(M)": 0.12127833925157061,
  "AR(L)": 0.6246748420661464,
  "nose": 7.518152869388911,
  "left_eye": 7.111982018369838,
  "right_eye": 6.9311393315787875,
  "left_ear": 8.385370883765555,
  "right_ear": 10.190311229424045,
  "left_shoulder": 11.322877536952403,
  "right_shoulder": 11.76859014018351,
  "left_elbow": 13.250184467880072,
  "right_elbow": 14.119318533479703,
  "left_wrist": 14.418824663180875,
  "right_wrist": 13.24436474358531,
  "left_hip": 13.030716067075964,
  "right_hip": 13.60414607766195,
  "left_knee": 13.975296049171918,
  "right_knee": 15.344351466746154,
  "left_ankle": 13.475937017023478,
  "right_ankle": 11.852733511039116
}