{
  "AP": 0.16044300357729177,
  "AP. 5": 0.31283344121652434,
  "AP. 75": 0.14983836911486156,
  "AP(M)": 0.02385293219378584,
  "AP(L)": 0.3458662241146402,
  "AR": 0.19822103274559194,
  "AR. 5": 0.35799748110831237,
  "AR. 75": 0.19316750629722923,
  "AR(M)": 0.03275061458617864,
  "AR(L)": 0.4236714975845411,
  "nose": 10.796995672753939,
  "left_eye": 9.80339773212555,
  "right_eye": 9.709623735707883,
  "left_ear": 11.25439379827104,
  "right_ear": 13.481739322693072,
  "left_shoulder": 15.424373069081913,
  "right_shoulder": 16.89612107441847,
  "left_elbow": 19.43162638958229,
  "right_elbow": 19.841765759468426,
  "left_wrist": 21.41993533379965,
  "right_wrist": 18.822506687342752,
  "left_hip": 16.99833308590356,
  "right_hip": 18.63561601287054,
  "left_knee": 19.899932254492974,
  "right_knee": 20.4576831361335,
  "left_ankle": 17.539459462349537,
  "right_ankle": 18.771589323552547
}