{
  "AP": 0.24348375662970945,
  "AP. 5": 0.4317975529119897,
  "AP. 75": 0.24003398837986922,
  "AP(M)": 0.063665733545398,
  "AP(L)": 0.48516719412924986,
  "AR": 0.2868073047858942,
  "AR. 5": 0.4760705289672544,
  "AR. 75": 0.2876259445843829,
  "AR(M)": 0.08254575252663207,
  "AR(L)": 0.5654031958379784,
  "nose": 8.418314335503267,
  "left_eye": 7.966092067517201,
  "right_eye": 7.6270179091613555,
  "left_ear": 9.056524940282042,
  "right_ear": 10.906054169951716,
  "left_shoulder": 12.249206742855577,
  "right_shoulder": 13.134973940394817,
  "left_elbow": 14.886043526929235,
  "right_elbow": 15.506956117136516,
  "left_wrist": 16.26237732878561,
  "right_wrist": 15.23673193874956,
  "left_hip": 14.088383079693132,
  "right_hip": 14.7278298685678,
  "left_knee": 15.097901537672106,
  "right_knee": 15.657539953982194,
  "left_ankle": 14.785708027886486,
  "right_ankle": 13.868335761159702
}