{
  "AP": 0.2232827223953617,
  "AP. 5": 0.40403146610785984,
  "AP. 75": 0.2215893173354487,
  "AP(M)": 0.05147745559443546,
  "AP(L)": 0.4551822200480158,
  "AR": 0.2658217884130982,
  "AR. 5": 0.44899244332493704,
  "AR. 75": 0.2688916876574307,
  "AR(M)": 0.06787762906309751,
  "AR(L)": 0.5357116313638053,
  "nose": 8.785646658882703,
  "left_eye": 8.123204587971147,
  "right_eye": 7.9379511860486875,
  "left_ear": 9.269852486808572,
  "right_ear": 11.307871442035024,
  "left_shoulder": 12.770177605173256,
  "right_shoulder": 14.042359619135718,
  "left_elbow": 15.92593057938158,
  "right_elbow": 16.327717069641857,
  "left_wrist": 17.195077795226833,
  "right_wrist": 15.875080570357055,
  "left_hip": 14.847148290918426,
  "right_hip": 15.714864921912325,
  "left_knee": 16.475715874027554,
  "right_knee": 16.812448965945773,
  "left_ankle": 15.155564837978465,
  "right_ankle": 14.548809137337019
}