{
  "AP": 0.11553470399031038,
  "AP. 5": 0.2442298888807704,
  "AP. 75": 0.0986010143920413,
  "AP(M)": 0.011599476034170239,
  "AP(L)": 0.2565496603794891,
  "AR": 0.14817380352644838,
  "AR. 5": 0.288727959697733,
  "AR. 75": 0.1355478589420655,
  "AR(M)": 0.015651461349358096,
  "AR(L)": 0.32857673727238945,
  "nose": 12.529757599482343,
  "left_eye": 11.36387305417859,
  "right_eye": 11.97341416042564,
  "left_ear": 12.703554940443661,
  "right_ear": 16.293446527612787,
  "left_shoulder": 17.65819159272574,
  "right_shoulder": 19.1535998704691,
  "left_elbow": 22.515900853294514,
  "right_elbow": 24.665771389367332,
  "left_wrist": 26.279373817486213,
  "right_wrist": 22.38778816323995,
  "left_hip": 18.944082572261284,
  "right_hip": 20.5526815425969,
  "left_knee": 24.926907087125286,
  "right_knee": 25.135471364104863,
  "left_ankle": 20.824821239278126,
  "right_ankle": 22.708652549056755
}