{
  "AP": 0.5209399058346774,
  "AP. 5": 0.7707798348277867,
  "AP. 75": 0.5556016234113164,
  "AP(M)": 0.3682969722093,
  "AP(L)": 0.7308213922863591,
  "AR": 0.5747008816120908,
  "AR. 5": 0.8128148614609572,
  "AR. 75": 0.6045340050377834,
  "AR(M)": 0.4122644086315215,
  "AR(L)": 0.7977331846897064,
  "nose": 4.759912611127431,
  "left_eye": 4.44157542168604,
  "right_eye": 4.505858439100365,
  "left_ear": 5.531055804715513,
  "right_ear": 6.986605890959149,
  "left_shoulder": 7.489579507539273,
  "right_shoulder": 7.96791011762846,
  "left_elbow": 8.423206061209445,
  "right_elbow": 8.834911069852833,
  "left_wrist": 9.238390767063615,
  "right_wrist": 9.43037292171538,
  "left_hip": 9.441209423911932,
  "right_hip": 9.573146593996626,
  "left_knee": 9.093763502897739,
  "right_knee": 10.156590559259968,
  "left_ankle": 10.001691110638953,
  "right_ankle": 8.83912495872056
}