{
  "AP": 0.38663660726528737,
  "AP. 5": 0.625581353200795,
  "AP. 75": 0.40018791770217504,
  "AP(M)": 0.19403593563177293,
  "AP(L)": 0.647233892118092,
  "AR": 0.43775188916876573,
  "AR. 5": 0.6714420654911839,
  "AR. 75": 0.44852015113350124,
  "AR(M)": 0.22873531821906581,
  "AR(L)": 0.7237086584912672,
  "nose": 6.039231321274867,
  "left_eye": 5.563377592051448,
  "right_eye": 5.617831302541371,
  "left_ear": 6.8689273232158845,
  "right_ear": 8.520389046937597,
  "left_shoulder": 9.445125830464319,
  "right_shoulder": 9.85528906144687,
  "left_elbow": 11.131064642459823,
  "right_elbow": 11.29920003174761,
  "left_wrist": 11.832610000973023,
  "right_wrist": 11.210118078957846,
  "left_hip": 11.35536153471648,
  "right_hip": 11.392210732493625,
  "left_knee": 11.73793054657653,
  "right_knee": 12.282515616027421,
  "left_ankle": 12.129420032412058,
  "right_ankle": 11.733392053739328
}