{
  "AP": 0.18891869857729893,
  "AP. 5": 0.35140032659106146,
  "AP. 75": 0.18311476573544258,
  "AP(M)": 0.034055038341651925,
  "AP(L)": 0.39791372058448854,
  "AR": 0.22819584382871536,
  "AR. 5": 0.39593828715365237,
  "AR. 75": 0.226227959697733,
  "AR(M)": 0.04523354274788309,
  "AR(L)": 0.4776662950575994,
  "nose": 9.76758517564664,
  "left_eye": 8.769080102020727,
  "right_eye": 9.000323031471776,
  "left_ear": 10.19847933877487,
  "right_ear": 12.658884592806693,
  "left_shoulder": 13.994389390495389,
  "right_shoulder": 14.873372242528564,
  "left_elbow": 16.70261766887113,
  "right_elbow": 17.99406892613732,
  "left_wrist": 19.73935278817977,
  "right_wrist": 17.863271641274256,
  "left_hip": 16.207682218856608,
  "right_hip": 17.021298032387904,
  "left_knee": 17.72308466621408,
  "right_knee": 18.73928282927963,
  "left_ankle": 17.031457854601673,
  "right_ankle": 17.766841538429727
}