{
  "AP": 0.09175524768183706,
  "AP. 5": 0.20395503272793947,
  "AP. 75": 0.0694684222682156,
  "AP(M)": 0.008170280978178342,
  "AP(L)": 0.20466231004215674,
  "AR": 0.12000944584382871,
  "AR. 5": 0.24275818639798488,
  "AR. 75": 0.10185768261964735,
  "AR(M)": 0.010106528270964216,
  "AR(L)": 0.2695280564845782,
  "nose": 13.898101131357308,
  "left_eye": 12.751349358456668,
  "right_eye": 12.882881157534252,
  "left_ear": 13.465784354064294,
  "right_ear": 17.29000731995045,
  "left_shoulder": 19.887833462905537,
  "right_shoulder": 21.282098132759554,
  "left_elbow": 25.560438702047605,
  "right_elbow": 27.18072136687213,
  "left_wrist": 27.97864174279318,
  "right_wrist": 23.537031919335597,
  "left_hip": 21.194869937116042,
  "right_hip": 22.824789004392514,
  "left_knee": 26.757238478859655,
  "right_knee": 27.029515015261936,
  "left_ankle": 25.033952083061017,
  "right_ankle": 23.607798759859083
}