{
  "AP": 0.3167387838638579,
  "AP. 5": 0.5305389786996817,
  "AP. 75": 0.3241101353491919,
  "AP(M)": 0.1235251623158439,
  "AP(L)": 0.5770454728542073,
  "AR": 0.364515113350126,
  "AR. 5": 0.5760390428211587,
  "AR. 75": 0.37059193954659947,
  "AR(M)": 0.1502868068833652,
  "AR(L)": 0.6570419918246004,
  "nose": 6.891069394295295,
  "left_eye": 6.538626991006964,
  "right_eye": 6.45910735997283,
  "left_ear": 7.77642237832533,
  "right_ear": 9.644452303955912,
  "left_shoulder": 10.88844845270164,
  "right_shoulder": 11.110635167817692,
  "left_elbow": 12.316805307476528,
  "right_elbow": 13.259516212771377,
  "left_wrist": 13.387110731768182,
  "right_wrist": 12.401790929625232,
  "left_hip": 12.280037633547273,
  "right_hip": 12.446928027887799,
  "left_knee": 13.446045822549769,
  "right_knee": 14.262031643271776,
  "left_ankle": 12.901244141204554,
  "right_ankle": 11.38815321610154
}