{
  "AP": 0.14730566053643698,
  "AP. 5": 0.29277815379077204,
  "AP. 75": 0.13264512426498704,
  "AP(M)": 0.019586331762571695,
  "AP(L)": 0.32074755013766454,
  "AR": 0.1834382871536524,
  "AR. 5": 0.3372166246851385,
  "AR. 75": 0.17506297229219145,
  "AR(M)": 0.026714012564872984,
  "AR(L)": 0.3971757710888145,
  "nose": 11.37513885154245,
  "left_eye": 10.23614020612966,
  "right_eye": 10.355406790094653,
  "left_ear": 11.765443218644418,
  "right_ear": 14.380863573274278,
  "left_shoulder": 15.945221001118487,
  "right_shoulder": 17.62170881860547,
  "left_elbow": 20.522828678039506,
  "right_elbow": 21.486704802651197,
  "left_wrist": 22.82314264746204,
  "right_wrist": 20.106147089085088,
  "left_hip": 18.082572943888092,
  "right_hip": 20.013645683332594,
  "left_knee": 20.661960274514378,
  "right_knee": 22.085901634688245,
  "left_ankle": 18.61286344341947,
  "right_ankle": 19.773969363425977
}