{
  "AP": 0.4696636966186431,
  "AP. 5": 0.7187545972211227,
  "AP. 75": 0.493770748039926,
  "AP(M)": 0.2958717916950767,
  "AP(L)": 0.7062902742061401,
  "AR": 0.5224496221662468,
  "AR. 5": 0.7616498740554156,
  "AR. 75": 0.5431360201511335,
  "AR(M)": 0.3373941546025676,
  "AR(L)": 0.7762541806020067,
  "nose": 5.256975226975825,
  "left_eye": 4.904372386014479,
  "right_eye": 4.906044285400282,
  "left_ear": 6.001523293791569,
  "right_ear": 7.412751586831943,
  "left_shoulder": 8.05796526789427,
  "right_shoulder": 8.581806514625857,
  "left_elbow": 9.269635104687623,
  "right_elbow": 9.41381646237052,
  "left_wrist": 10.046418458497415,
  "right_wrist": 10.092224618580337,
  "left_hip": 9.92967323745801,
  "right_hip": 10.042402157744709,
  "left_knee": 9.978604372343941,
  "right_knee": 10.601881195011622,
  "left_ankle": 10.153090966386957,
  "right_ankle": 9.44081306246386
}