{
  "AP": 0.4252518583657534,
  "AP. 5": 0.6721097828993766,
  "AP. 75": 0.43874125716709766,
  "AP(M)": 0.2392075489967108,
  "AP(L)": 0.6776061820665,
  "AR": 0.4773142317380352,
  "AR. 5": 0.7163098236775819,
  "AR. 75": 0.4897670025188917,
  "AR(M)": 0.27776563780387875,
  "AR(L)": 0.7504645113340764,
  "nose": 5.559131519617388,
  "left_eye": 5.199052183933988,
  "right_eye": 5.328829406115838,
  "left_ear": 6.399058287314011,
  "right_ear": 8.02634680618009,
  "left_shoulder": 8.773438875053781,
  "right_shoulder": 9.154094554993357,
  "left_elbow": 10.213009762451104,
  "right_elbow": 10.41318045383824,
  "left_wrist": 10.947114523234305,
  "right_wrist": 10.768413823769222,
  "left_hip": 10.591070718984982,
  "right_hip": 10.828133793925588,
  "left_knee": 10.985871047241076,
  "right_knee": 11.370282388390319,
  "left_ankle": 11.264729224564288,
  "right_ankle": 11.048968419211091
}