{
  "AP": 0.20552597795811314,
  "AP. 5": 0.3745053538961834,
  "AP. 75": 0.20067656935112888,
  "AP(M)": 0.04222194016054937,
  "AP(L)": 0.4261891849124491,
  "AR": 0.2456549118387909,
  "AR. 5": 0.4181360201511335,
  "AR. 75": 0.2452770780856423,
  "AR(M)": 0.05509423654739143,
  "AR(L)": 0.5055369751021925,
  "nose": 9.266895596803892,
  "left_eye": 8.287025312771283,
  "right_eye": 8.500780420646592,
  "left_ear": 9.591321502142717,
  "right_ear": 12.116021663108997,
  "left_shoulder": 13.100700508645259,
  "right_shoulder": 14.229208741057604,
  "left_elbow": 16.228879355222475,
  "right_elbow": 17.188511102385686,
  "left_wrist": 18.28045304242096,
  "right_wrist": 16.8550704038969,
  "left_hip": 15.349023563649181,
  "right_hip": 16.2779812532623,
  "left_knee": 17.041076279876233,
  "right_knee": 17.830509737579156,
  "left_ankle": 16.351881575995424,
  "right_ankle": 15.952345536695885
}