{
  "AP": 0.7294478705733362,
  "AP. 5": 0.8995790224394848,
  "AP. 75": 0.807573910594351,
  "AP(M)": 0.6787126248368928,
  "AP(L)": 0.8145989253187622,
  "AR": 0.7827770780856423,
  "AR. 5": 0.9390743073047859,
  "AR. 75": 0.8501259445843828,
  "AR(M)": 0.7253482655012292,
  "AR(L)": 0.8647342995169083,
  "nose": 3.1233104244259557,
  "left_eye": 3.0840205173232773,
  "right_eye": 3.1162457993040444,
  "left_ear": 4.1771890662195625,
  "right_ear": 5.297098421148752,
  "left_shoulder": 5.692587122346949,
  "right_shoulder": 5.856663820617555,
  "left_elbow": 6.17212331857373,
  "right_elbow": 6.407191074595656,
  "left_wrist": 6.681109384885955,
  "right_wrist": 7.301960822474004,
  "left_hip": 7.780825256574857,
  "right_hip": 7.36609652583864,
  "left_knee": 7.2681827219580475,
  "right_knee": 7.924471530993236,
  "left_ankle": 7.674825751467653,
  "right_ankle": 7.385991863064818
}