{
  "AP": 0.6856838483670957,
  "AP. 5": 0.885810616655215,
  "AP. 75": 0.7598120455181807,
  "AP(M)": 0.6105235003083596,
  "AP(L)": 0.7976889338997727,
  "AR": 0.7378306045340051,
  "AR. 5": 0.9208123425692695,
  "AR. 75": 0.8025818639798489,
  "AR(M)": 0.6577437858508606,
  "AR(L)": 0.850315867707172,
  "nose": 3.512360243022233,
  "left_eye": 3.3613203447217144,
  "right_eye": 3.4001672977778563,
  "left_ear": 4.404138268471539,
  "right_ear": 5.643078916060113,
  "left_shoulder": 5.976583076165303,
  "right_shoulder": 6.192948321695176,
  "left_elbow": 6.556906593101506,
  "right_elbow": 6.875484665988865,
  "left_wrist": 7.199868753110467,
  "right_wrist": 7.766585814769981,
  "left_hip": 8.07161193369278,
  "right_hip": 7.970102242688844,
  "left_knee": 7.747768932257529,
  "right_knee": 8.815134970855327,
  "left_ankle": 8.197710352914811,
  "right_ankle": 8.014841197310714
}