{
  "AP": 0.5757849286144378,
  "AP. 5": 0.821168762322835,
  "AP. 75": 0.6228214948584662,
  "AP(M)": 0.4479433104630018,
  "AP(L)": 0.7543346032366056,
  "AR": 0.6300535264483627,
  "AR. 5": 0.8609886649874056,
  "AR. 75": 0.6736460957178841,
  "AR(M)": 0.4949740508057908,
  "AR(L)": 0.8160535117056856,
  "nose": 4.340154126991616,
  "left_eye": 4.055873739419633,
  "right_eye": 4.105265264042272,
  "left_ear": 5.044466069346001,
  "right_ear": 6.498493424772732,
  "left_shoulder": 6.947898477229541,
  "right_shoulder": 7.2392982113198165,
  "left_elbow": 8.010905777150873,
  "right_elbow": 8.242632391909536,
  "left_wrist": 8.747217669573363,
  "right_wrist": 8.841477013497782,
  "left_hip": 9.00120679100205,
  "right_hip": 9.272046808708746,
  "left_knee": 9.020956051640525,
  "right_knee": 9.715318383037754,
  "left_ankle": 9.233912226949196,
  "right_ankle": 8.388213891447622
}