{
  "AP": 0.34645236052950107,
  "AP. 5": 0.5711071195803298,
  "AP. 75": 0.3570735486531823,
  "AP(M)": 0.15232740584455481,
  "AP(L)": 0.6096230535865228,
  "AR": 0.3948520151133501,
  "AR. 5": 0.6149244332493703,
  "AR. 75": 0.4045969773299748,
  "AR(M)": 0.1808795411089866,
  "AR(L)": 0.6873652917131178,
  "nose": 6.546245278538168,
  "left_eye": 6.037152967337345,
  "right_eye": 6.090261150261951,
  "left_ear": 7.405818339921889,
  "right_ear": 9.1705448940282,
  "left_shoulder": 10.197937801802826,
  "right_shoulder": 10.571243824219508,
  "left_elbow": 11.78549199823291,
  "right_elbow": 12.111782667003078,
  "left_wrist": 12.625498046042107,
  "right_wrist": 11.916406527552802,
  "left_hip": 11.875816210916796,
  "right_hip": 11.787213993276511,
  "left_knee": 12.683619895848206,
  "right_knee": 13.320694848869424,
  "left_ankle": 12.300297080257542,
  "right_ankle": 11.085820682739309
}