{
  "AP": 0.6308499532954783,
  "AP. 5": 0.8593557256666791,
  "AP. 75": 0.6923141385835354,
  "AP(M)": 0.5302006209559351,
  "AP(L)": 0.7745600407997798,
  "AR": 0.6841624685138539,
  "AR. 5": 0.8971977329974811,
  "AR. 75": 0.7389798488664987,
  "AR(M)": 0.5767003550942364,
  "AR(L)": 0.8329617242660718,
  "nose": 3.9606100811043454,
  "left_eye": 3.7132268070618646,
  "right_eye": 3.7772328047807835,
  "left_ear": 4.8037804340644135,
  "right_ear": 6.0472898464526486,
  "left_shoulder": 6.53087985806829,
  "right_shoulder": 6.772134973622982,
  "left_elbow": 7.37120631501828,
  "right_elbow": 7.5331549450745285,
  "left_wrist": 7.846754207117919,
  "right_wrist": 8.205952083481176,
  "left_hip": 8.509883486747636,
  "right_hip": 8.452784271573888,
  "left_knee": 8.209583595938787,
  "right_knee": 9.224249220032863,
  "left_ankle": 8.897111153696965,
  "right_ankle": 8.065451401858317
}