{
  "AP": 0.43938967653896505,
  "AP. 5": 0.6241347987838469,
  "AP. 75": 0.459535226301289,
  "AP(M)": 0.22599572487852582,
  "AP(L)": 0.7362497756820692,
  "AR": 0.47898299748110834,
  "AR. 5": 0.6648299748110831,
  "AR. 75": 0.4940176322418136,
  "AR(M)": 0.25402895383774926,
  "AR(L)": 0.7872909698996655,
  "nose": 4.644281531757975,
  "left_eye": 4.444473268172011,
  "right_eye": 4.495542083089586,
  "left_ear": 5.890413927926536,
  "right_ear": 7.507206207356435,
  "left_shoulder": 8.344743984331894,
  "right_shoulder": 8.759860161506317,
  "left_elbow": 9.840906003706563,
  "right_elbow": 9.936250373097462,
  "left_wrist": 10.30998420532496,
  "right_wrist": 10.53612998429793,
  "left_hip": 10.853630860555427,
  "right_hip": 10.88783971105496,
  "left_knee": 11.183924661104193,
  "right_knee": 11.741280192546254,
  "left_ankle": 11.526600026010485,
  "right_ankle": 10.586343480916982
}