{
  "AP": 0.3284714426677299,
  "AP. 5": 0.4817905629659327,
  "AP. 75": 0.34004897441369825,
  "AP(M)": 0.10086725086738974,
  "AP(L)": 0.6431642960549399,
  "AR": 0.3641845088161209,
  "AR. 5": 0.5231423173803527,
  "AR. 75": 0.37232367758186397,
  "AR(M)": 0.11939360830374215,
  "AR(L)": 0.6989223337049424,
  "nose": 5.581920031807466,
  "left_eye": 5.3492449804588365,
  "right_eye": 5.584792231437694,
  "left_ear": 7.160728896611631,
  "right_ear": 8.98024803596477,
  "left_shoulder": 9.786175286338434,
  "right_shoulder": 10.525364949173602,
  "left_elbow": 12.107837518857895,
  "right_elbow": 12.22825593134396,
  "left_wrist": 13.002148933411977,
  "right_wrist": 12.66805656072637,
  "left_hip": 12.827714882525736,
  "right_hip": 12.869788860531084,
  "left_knee": 14.084015571468305,
  "right_knee": 13.880661742931737,
  "left_ankle": 13.732803329742778,
  "right_ankle": 12.717957038941877
}