{
  "AP": 0.0011916348699878203,
  "AP. 5": 0.009900990099009901,
  "AP. 75": 8.257706504595413e-06,
  "AP(M)": 9.66844298626222e-06,
  "AP(L)": 0.0011923199209154477,
  "AR": 0.0012594458438287153,
  "AR. 5": 0.003620906801007557,
  "AR. 75": 0.0007871536523929471,
  "AR(M)": 0.0004370390603660202,
  "AR(L)": 0.002378298030471943,
  "nose": 40.91073435303689,
  "left_eye": 55.66000682478348,
  "right_eye": 87.46403527931581,
  "left_ear": 36.253894330809636,
  "right_ear": 39.75808488265348,
  "left_shoulder": 73.7688287219955,
  "right_shoulder": 103.2140163810866,
  "left_elbow": 43.75846188661365,
  "right_elbow": 50.08043685337747,
  "left_wrist": 80.80731722136746,
  "right_wrist": 41.68853129781157,
  "left_hip": 16.20386311946393,
  "right_hip": 33.749834205051506,
  "left_knee": 66.61622123804597,
  "right_knee": 46.27684877808693,
  "left_ankle": 33.25795859633522,
  "right_ankle": 124.8603041376778
}