{
  "AP": 0.0013754589067572274,
  "AP. 5": 0.0099009900990099,
  "AP. 75": 0.0004500450045004501,
  "AP(M)": 2.2742115071595214e-06,
  "AP(L)": 0.001508391415711082,
  "AR": 0.001605793450881612,
  "AR. 5": 0.0051952141057934505,
  "AR. 75": 0.0007871536523929471,
  "AR(M)": 0.0005189838841846491,
  "AR(L)": 0.0030843552582683017,
  "nose": 39.577779443376336,
  "left_eye": 27.084597582646342,
  "right_eye": 25.032244563994926,
  "left_ear": 34.21988561252621,
  "right_ear": 39.05172872844955,
  "left_shoulder": 27.71219781457772,
  "right_shoulder": 23.013845379794656,
  "left_elbow": 49.611268498434725,
  "right_elbow": 42.85175025013676,
  "left_wrist": 47.542245292187815,
  "right_wrist": 39.30764803989792,
  "left_hip": 25.86652567246216,
  "right_hip": 33.56767053225134,
  "left_knee": 48.2255912987422,
  "right_knee": 52.15321541014688,
  "left_ankle": 49.62471565785319,
  "right_ankle": 68.51570698930173
}