{
  "AP": 2.7617604267193264e-06,
  "AP. 5": 1.0139262774203688e-05,
  "AP. 75": 1.079456411658043e-06,
  "AP(M)": 2.6831538494216684e-06,
  "AP(L)": 1.100963923472398e-05,
  "AR": 0.001306675062972292,
  "AR. 5": 0.0034634760705289673,
  "AR. 75": 0.0007871536523929471,
  "AR(M)": 0.000518983884184649,
  "AR(L)": 0.0023782980304719436,
  "nose": 33.16989932942852,
  "left_eye": 43.869904864681935,
  "right_eye": 45.855068609695074,
  "left_ear": 43.88623178236113,
  "right_ear": 48.14648939674212,
  "left_shoulder": 55.370036349813404,
  "right_shoulder": 18.644973266287106,
  "left_elbow": 26.53737740216866,
  "right_elbow": 61.72313561692791,
  "left_wrist": 62.07485982528569,
  "right_wrist": 13.78207038858995,
  "left_hip": 14.039622933705575,
  "right_hip": 17.678691823243973,
  "left_knee": 22.33950758224115,
  "right_knee": 36.51989136264611,
  "left_ankle": 27.549278028966523
}