{
  "AP": 0.00921803851795777,
  "AP. 5": 0.012692643366203132,
  "AP. 75": 0.009900990099009901,
  "AP(M)": 3.5693265403071494e-06,
  "AP(L)": 0.011619417486691501,
  "AR": 0.006911209068010076,
  "AR. 5": 0.021095717884130984,
  "AR. 75": 0.003620906801007557,
  "AR(M)": 0.0008467631794591643,
  "AR(L)": 0.01516164994425864,
  "nose": 23.611572457222422,
  "left_eye": 22.716508724152252,
  "right_eye": 19.833620899797882,
  "left_ear": 21.556441424270044,
  "right_ear": 24.61457262701149,
  "left_shoulder": 27.935644002760522,
  "right_shoulder": 39.3385426264056,
  "left_elbow": 45.26030556999923,
  "right_elbow": 47.548810307081496,
  "left_wrist": 55.12754740465209,
  "right_wrist": 50.80708352704612,
  "left_hip": 35.1259098100574,
  "right_hip": 33.18135725231572,
  "left_knee": 43.175829841322695,
  "right_knee": 50.166767236820775,
  "left_ankle": 40.61278338940888,
  "right_ankle": 53.05735751051253
}