{
  "AP": 0.005942484675292153,
  "AP. 5": 0.009915736401547349,
  "AP. 75": 0.0099009900990099,
  "AP(M)": 3.6853727421063233e-06,
  "AP(L)": 0.006098540337888809,
  "AR": 0.0031328715365239296,
  "AR. 5": 0.010075566750629723,
  "AR. 75": 0.0009445843828715365,
  "AR(M)": 0.000737503414367659,
  "AR(L)": 0.006391675956893349,
  "nose": 24.627932242216744,
  "left_eye": 31.84969145611313,
  "right_eye": 27.455554773726345,
  "left_ear": 36.40994322590831,
  "right_ear": 25.704074106923464,
  "left_shoulder": 28.097136243458767,
  "right_shoulder": 35.10446218267789,
  "left_elbow": 48.42837792293128,
  "right_elbow": 53.44833488991268,
  "left_wrist": 54.990549538330065,
  "right_wrist": 46.835386823393975,
  "left_hip": 37.73912486980118,
  "right_hip": 35.6772360921454,
  "left_knee": 42.08789317880283,
  "right_knee": 40.57056103206398,
  "left_ankle": 47.71704499201683,
  "right_ankle": 56.75611511291788
}