{
  "AP": 0.05253348179797906,
  "AP. 5": 0.09890002188828369,
  "AP. 75": 0.04844615375091097,
  "AP(M)": 0.004133952812323834,
  "AP(L)": 0.11827790827598621,
  "AR": 0.06852959697732999,
  "AR. 5": 0.13491813602015112,
  "AR. 75": 0.0626574307304786,
  "AR(M)": 0.001475006828735318,
  "AR(L)": 0.15986622073578596,
  "nose": 12.429894740147397,
  "left_eye": 11.54970578337603,
  "right_eye": 12.630256690927547,
  "left_ear": 13.567121352436335,
  "right_ear": 19.638060754696316,
  "left_shoulder": 22.231832104355252,
  "right_shoulder": 29.373676915341495,
  "left_elbow": 32.04425322861757,
  "right_elbow": 37.400870843984954,
  "left_wrist": 35.61975139644342,
  "right_wrist": 31.18293375302833,
  "left_hip": 25.86424707440814,
  "right_hip": 28.54340678149291,
  "left_knee": 31.94931476313051,
  "right_knee": 35.411295346251066,
  "left_ankle": 35.09395497794562,
  "right_ankle": 36.83980328288693
}