{
  "AP": 0.018354087683715332,
  "AP. 5": 0.03599798772126799,
  "AP. 75": 0.01419141914191419,
  "AP(M)": 8.245990849193564e-06,
  "AP(L)": 0.035470589442969956,
  "AR": 0.022103274559193954,
  "AR. 5": 0.05620277078085642,
  "AR. 75": 0.015270780856423173,
  "AR(M)": 0.000928708003277793,
  "AR(L)": 0.05091044221479004,
  "nose": 16.70065059725793,
  "left_eye": 16.31992643013365,
  "right_eye": 16.299479392478514,
  "left_ear": 18.140520373347872,
  "right_ear": 25.04613520929589,
  "left_shoulder": 27.5718003149875,
  "right_shoulder": 35.2758609299737,
  "left_elbow": 41.90218439840496,
  "right_elbow": 43.535865283333244,
  "left_wrist": 45.68275198147531,
  "right_wrist": 40.356218145421,
  "left_hip": 28.49683111011056,
  "right_hip": 31.31965579900283,
  "left_knee": 36.57993401241456,
  "right_knee": 42.466091523197925,
  "left_ankle": 41.12263753920418,
  "right_ankle": 43.24803767306502
}