{
  "AP": 0.5627051361061941,
  "AP. 5": 0.7778924968592634,
  "AP. 75": 0.598579945171252,
  "AP(M)": 0.4086832238001211,
  "AP(L)": 0.7803829019516709,
  "AR": 0.60713161209068,
  "AR. 5": 0.8173803526448362,
  "AR. 75": 0.6375944584382871,
  "AR(M)": 0.4447965036875171,
  "AR(L)": 0.8303976217019695,
  "nose": 3.986743067890506,
  "left_eye": 3.8756668842957698,
  "right_eye": 3.9121076990141077,
  "left_ear": 5.211445048668045,
  "right_ear": 6.416799632504338,
  "left_shoulder": 6.877076969726077,
  "right_shoulder": 7.2429349087495645,
  "left_elbow": 7.961877999618863,
  "right_elbow": 8.076281309373012,
  "left_wrist": 8.581641018607433,
  "right_wrist": 9.000633601562313,
  "left_hip": 9.192757288320216,
  "right_hip": 9.339907454123882,
  "left_knee": 9.44505274848812,
  "right_knee": 9.870666099688368,
  "left_ankle": 9.533809903492791,
  "right_ankle": 8.791353955986702
}