{
  "AP": 2.3775673632710114e-05,
  "AP. 5": 8.535336292249915e-05,
  "AP. 75": 5.5858900417545276e-06,
  "AP(M)": 1.5784634781277604e-06,
  "AP(L)": 6.922119699073761e-05,
  "AR": 0.0012751889168765742,
  "AR. 5": 0.002991183879093199,
  "AR. 75": 0.0009445843828715365,
  "AR(M)": 0.0003004643540016389,
  "AR(L)": 0.0026012634708286885,
  "nose": 34.184312583672515,
  "left_eye": 22.84843637867611,
  "right_eye": 41.81494241780282,
  "left_ear": 28.29316324155098,
  "right_ear": 56.611322883678184,
  "left_shoulder": 53.36320708664063
}