{
  "AP": 0.20527276676625053,
  "AP. 5": 0.32279640239954,
  "AP. 75": 0.21004419888714038,
  "AP(M)": 0.025529246857244902,
  "AP(L)": 0.4555443522336551,
  "AR": 0.23331234256926953,
  "AR. 5": 0.357367758186398,
  "AR. 75": 0.23772040302267003,
  "AR(M)": 0.029063097514340348,
  "AR(L)": 0.511965811965812,
  "nose": 7.329469935502781,
  "left_eye": 6.965492656969054,
  "right_eye": 7.3437099666978956,
  "left_ear": 8.953994395289014,
  "right_ear": 12.132632138196694,
  "left_shoulder": 13.112296667880525,
  "right_shoulder": 15.100953463194413,
  "left_elbow": 16.459276416927107,
  "right_elbow": 18.434124747346953,
  "left_wrist": 18.851409377018587,
  "right_wrist": 18.35665433533307,
  "left_hip": 16.96473312026499,
  "right_hip": 17.39655360765737,
  "left_knee": 18.762761233873974,
  "right_knee": 18.774596971284254,
  "left_ankle": 17.935400948961874,
  "right_ankle": 17.36268179109231
}