{
  "AP": 0.16469217033847258,
  "AP. 5": 0.26728827978421105,
  "AP. 75": 0.16392331133201568,
  "AP(M)": 0.015867705587507244,
  "AP(L)": 0.37301778668915875,
  "AR": 0.18990869017632242,
  "AR. 5": 0.3013224181360202,
  "AR. 75": 0.18828715365239296,
  "AR(M)": 0.01562414640808522,
  "AR(L)": 0.4275733927907841,
  "nose": 8.232073565321846,
  "left_eye": 7.730807148820399,
  "right_eye": 7.938513259921839,
  "left_ear": 9.791883052672697,
  "right_ear": 13.29704837667995,
  "left_shoulder": 14.797552661863214,
  "right_shoulder": 17.086928272003004,
  "left_elbow": 18.976598146083642,
  "right_elbow": 20.962199572501564,
  "left_wrist": 21.286317894080813,
  "right_wrist": 21.378038279398446,
  "left_hip": 19.0418144826292,
  "right_hip": 19.60051591949547,
  "left_knee": 22.279922256684554,
  "right_knee": 20.91332263898269,
  "left_ankle": 20.209601931693598,
  "right_ankle": 19.241547235842862
}