{
  "AP": 0.705475821558706,
  "AP. 5": 0.8866063459510936,
  "AP. 75": 0.7691503817022006,
  "AP(M)": 0.6324415210280864,
  "AP(L)": 0.8168674615813243,
  "AR": 0.7517789672544082,
  "AR. 5": 0.9200251889168766,
  "AR. 75": 0.8088790931989924,
  "AR(M)": 0.6721933897842121,
  "AR(L)": 0.8636194723151245,
  "nose": 3.1877278784374323,
  "left_eye": 3.1769042293020315,
  "right_eye": 3.186402298655029,
  "left_ear": 4.436793614378687,
  "right_ear": 5.377091087150527,
  "left_shoulder": 5.799533344401762,
  "right_shoulder": 5.875606277287211,
  "left_elbow": 6.287888843532847,
  "right_elbow": 6.511837463081834,
  "left_wrist": 6.879946098108761,
  "right_wrist": 7.738352527026712,
  "left_hip": 8.026002340944892,
  "right_hip": 7.559897601337967,
  "left_knee": 7.523528528436215,
  "right_knee": 8.095807436789162,
  "left_ankle": 7.942166412061918,
  "right_ankle": 8.18197385497415
}